Quadrant	96row	96col	96well	96list	384row	384col	384well	384list	96w vertical numbering	Stress_temp_C	384w_plate	QLP_plate_set	QLP_plate_no	target_plate	target_well	Cultivation	Organism	Organism_code	Construct	Construct_code	QLP_set	Design_concept	Planned_mutations	Mutations	Type	Concentration_nM	A405_raw	72C/25C_raw	Incubation_time_min	Assay_date	Antifoam	Hit	Hit_in_any	Sort	Selected_for_shakeflasks_202509
2	G	7	G07	175	M	14	M14	302	55	25	pl_14	QLP_AC	3	QLP_AC_expression_03	G07	V77KVK	O688VY	QLP_AA0208_B2_O2	C54ETT	QLP_AA0208	QLP_AC	JRSX_thermompnn_esm_destabilising	H214I	H214I	Variant_supernatant		2.344225	0.46	30	20250919_JKJV	Yes	AC_30min_JKJV	Yes		
1	G	7	G07	79	M	13	M13	301	55	25	pl_14	QLP_AC	3	QLP_AC_expression_03	G07	V77KVK	O688VY	QLP_AA0208_B2_O2	C54ETT	QLP_AA0208	QLP_AC	JRSX_thermompnn_esm_destabilising	H214I	H214I	Variant_supernatant		2.294025	0.46	30	20250919_JKJV	Yes	AC_30min_JKJV	Yes		
2	B	2	B02	110	C	4	C04	52	10	25	pl_14	QLP_AC	3	QLP_AC_expression_03	B02	V77KUB	O688RA	QLP_AA0170_B2_O3	C54EKF	QLP_AA0170	QLP_AC	JVI_anti-consensus-concept	V230I	V230I	Variant_supernatant		2.204525	0.44	30	20250919_JKJV	Yes	AC_30min_JKJV	Yes		
1	B	2	B02	14	C	3	C03	51	10	25	pl_14	QLP_AC	3	QLP_AC_expression_03	B02	V77KUB	O688RA	QLP_AA0170_B2_O3	C54EKF	QLP_AA0170	QLP_AC	JVI_anti-consensus-concept	V230I	V230I	Variant_supernatant		2.152325	0.44	30	20250919_JKJV	Yes	AC_30min_JKJV	Yes		
2	E	2	E02	146	I	4	I04	196	13	25	pl_14	QLP_AC	3	QLP_AC_expression_03	E02	V77KUE	O688RS	QLP_AA0174_B2_O4	C54EKK	QLP_AA0174	QLP_AC	JVI_anti-consensus-concept	V2L	V2L	Variant_supernatant		2.095125	0.38	30	20250919_JKJV	Yes	AC_30min_JKJV	Yes		
1	E	2	E02	50	I	3	I03	195	13	25	pl_14	QLP_AC	3	QLP_AC_expression_03	E02	V77KUE	O688RS	QLP_AA0174_B2_O4	C54EKK	QLP_AA0174	QLP_AC	JVI_anti-consensus-concept	V2L	V2L	Variant_supernatant		2.069125	0.38	30	20250919_JKJV	Yes	AC_30min_JKJV	Yes		
2	C	2	C02	122	E	4	E04	100	11	25	pl_14	QLP_AC	3	QLP_AC_expression_03	C02	V77KUC	O688RD	QLP_AA0171_B2_O2	C54EKG	QLP_AA0171	QLP_AC	JVI_anti-consensus-concept	V235L	V235L	Variant_supernatant		1.961625	0.43	30	20250919_JKJV	Yes	AC_30min_JKJV	Yes		
1	C	2	C02	26	E	3	E03	99	11	25	pl_14	QLP_AC	3	QLP_AC_expression_03	C02	V77KUC	O688RD	QLP_AA0171_B2_O2	C54EKG	QLP_AA0171	QLP_AC	JVI_anti-consensus-concept	V235L	V235L	Variant_supernatant		1.873225	0.43	30	20250919_JKJV	Yes	AC_30min_JKJV	Yes		
1	F	4	F04	64	K	7	K07	247	30	25	pl_14	QLP_AC	3	QLP_AC_expression_03	F04	V77KUW	O688TD	QLP_AA0187_B2_O4	C54EKZ	QLP_AA0187	QLP_AC	JVI_anti-consensus-concept	Y16W	Y16W, V237L	Variant_supernatant		1.868525	0.42	30	20250919_JKJV	Yes	AC_30min_JKJV	Yes		
2	F	4	F04	160	K	8	K08	248	30	25	pl_14	QLP_AC	3	QLP_AC_expression_03	F04	V77KUW	O688TD	QLP_AA0187_B2_O4	C54EKZ	QLP_AA0187	QLP_AC	JVI_anti-consensus-concept	Y16W	Y16W, V237L	Variant_supernatant		1.780525	0.42	30	20250919_JKJV	Yes	AC_30min_JKJV	Yes		
1	E	4	E04	52	I	7	I07	199	29	25	pl_14	QLP_AC	3	QLP_AC_expression_03	E04	V77KUV	O688TA	QLP_AA0187_B2_O1	C54EKZ	QLP_AA0187	QLP_AC	JVI_anti-consensus-concept	Y16W	Y16W	Variant_supernatant		1.716625	0.45	30	20250919_JKJV	Yes	AC_30min_JKJV	Yes		
2	E	4	E04	148	I	8	I08	200	29	25	pl_14	QLP_AC	3	QLP_AC_expression_03	E04	V77KUV	O688TA	QLP_AA0187_B2_O1	C54EKZ	QLP_AA0187	QLP_AC	JVI_anti-consensus-concept	Y16W	Y16W	Variant_supernatant		1.662825	0.45	30	20250919_JKJV	Yes	AC_30min_JKJV	Yes		
2	B	7	B07	115	C	14	C14	62	50	25	pl_04	QLP_AA	4	QLP_AA_expression_04	B07	V771NH	O67542	QLP_AA0151	C54EJV	QLP_AA0151	QLP_AA	JVI_anti-consensus-concept	T197S	L75K, A156G, T189N, T197S	Variant_supernatant		1.66	0.422237969	30	20250828	No	AA_30min	Yes		Yes
1	B	2	B02	14	C	3	C03	51	10	25	pl_12	QLP_AC	01	QLP_AC_expression_01	B02	V77KP3	O68842	QLP_AA0008_B2_O3	C54EEC	QLP_AA0008	QLP_AC	JVI_anti-consensus-concept	A152G	A152G	Variant_supernatant		1.609	0.41	30	20250919_LKAJ	Yes	AC_30min_LKAJ	Yes		
2	H	12	H12	192	O	24	O24	360	96	25	pl_12	QLP_AC	01	QLP_AC_expression_01	H12	V77KRF	O688D5	QLP_AA0081_B2_O2	C54EGP	QLP_AA0081	QLP_AC	JVI_anti-consensus-concept	L12F	L12F, H214V	Variant_supernatant		1.6026	0.3	30	20250919_LKAJ	Yes	AC_30min_LKAJ	Yes		
2	B	2	B02	110	C	4	C04	52	10	25	pl_12	QLP_AC	01	QLP_AC_expression_01	B02	V77KP3	O68842	QLP_AA0008_B2_O3	C54EEC	QLP_AA0008	QLP_AC	JVI_anti-consensus-concept	A152G	A152G	Variant_supernatant		1.6012	0.41	30	20250919_LKAJ	Yes	AC_30min_LKAJ	Yes		
2	E	2	E02	146	I	4	I04	196	13	25	pl_12	QLP_AC	01	QLP_AC_expression_01	E02	V77KP6	O6884C	QLP_AA0011_B2_O1	C54EEF	QLP_AA0011	QLP_AC	JVI_anti-consensus-concept	A156G	A156G	Variant_supernatant		1.5974	0.44	30	20250919_LKAJ	Yes	AC_30min_LKAJ	Yes		
1	B	7	B07	19	C	13	C13	61	50	25	pl_04	QLP_AA	4	QLP_AA_expression_04	B07	V771NH	O67542	QLP_AA0151	C54EJV	QLP_AA0151	QLP_AA	JVI_anti-consensus-concept	T197S	L75K, A156G, T189N, T197S	Variant_supernatant		1.59	0.422237969	30	20250828	No	AA_30min	Yes		Yes
2	G	5	G05	173	M	10	M10	298	39	25	pl_05	QLP_AA	5	QLP_AA_expression_05	G05	V771QJ	O67576	QLP_AA0176	C54EKN	QLP_AA0176	QLP_AA	JVI_anti-consensus-concept	V63P	R71E, H214I, S243T, S254T	Variant_supernatant		1.59	0.400237361	30	20250828	No	AA_30min	Yes		
2	B	11	B11	119	C	22	C22	70	82	25	pl_12	QLP_AC	01	QLP_AC_expression_01	B11	V77KR2	O688BQ	QLP_AA0069_B3_O4	C54EGA	QLP_AA0069	QLP_AC	JVI_anti-consensus-concept	I166P	I166P	Variant_supernatant		1.5846	0.46	30	20250919_LKAJ	Yes	AC_30min_LKAJ	Yes		
1	E	2	E02	50	I	3	I03	195	13	25	pl_12	QLP_AC	01	QLP_AC_expression_01	E02	V77KP6	O6884C	QLP_AA0011_B2_O1	C54EEF	QLP_AA0011	QLP_AC	JVI_anti-consensus-concept	A156G	A156G	Variant_supernatant		1.5702	0.44	30	20250919_LKAJ	Yes	AC_30min_LKAJ	Yes		
1	G	5	G05	77	M	9	M09	297	39	25	pl_05	QLP_AA	5	QLP_AA_expression_05	G05	V771QJ	O67576	QLP_AA0176	C54EKN	QLP_AA0176	QLP_AA	JVI_anti-consensus-concept	V63P	R71E, H214I, S243T, S254T	Variant_supernatant		1.57	0.400237361	30	20250828	No	AA_30min	Yes		
1	B	11	B11	23	C	21	C21	69	82	25	pl_12	QLP_AC	01	QLP_AC_expression_01	B11	V77KR2	O688BQ	QLP_AA0069_B3_O4	C54EGA	QLP_AA0069	QLP_AC	JVI_anti-consensus-concept	I166P	I166P	Variant_supernatant		1.5694	0.46	30	20250919_LKAJ	Yes	AC_30min_LKAJ	Yes		
2	E	10	E10	154	I	20	I20	212	77	25	pl_12	QLP_AC	01	QLP_AC_expression_01	E10	V77KQX	O688B4	QLP_AA0065_B2_O1	C54EG6	QLP_AA0065	QLP_AC	JVI_anti-consensus-concept	H214A	H214A	Variant_supernatant		1.5411	0.48	30	20250919_LKAJ	Yes	AC_30min_LKAJ	Yes		
2	G	12	G12	180	M	24	M24	312	95	25	pl_12	QLP_AC	01	QLP_AC_expression_01	G12	V77KRE	O688D4	QLP_AA0081_B2_O1	C54EGP	QLP_AA0081	QLP_AC	JVI_anti-consensus-concept	L12F	L12F	Variant_supernatant		1.5381	0.44	30	20250919_LKAJ	Yes	AC_30min_LKAJ	Yes		
1	E	10	E10	58	I	19	I19	211	77	25	pl_12	QLP_AC	01	QLP_AC_expression_01	E10	V77KQX	O688B4	QLP_AA0065_B2_O1	C54EG6	QLP_AA0065	QLP_AC	JVI_anti-consensus-concept	H214A	H214A	Variant_supernatant		1.531	0.48	30	20250919_LKAJ	Yes	AC_30min_LKAJ	Yes		
2	H	3	H03	183	O	6	O06	342	24	25	pl_12	QLP_AC	01	QLP_AC_expression_01	H03	V77KPG	O6885N	QLP_AA0021_B2_O2	C54EES	QLP_AA0021	QLP_AC	JVI_anti-consensus-concept	A257E	A257E	Variant_supernatant		1.5203	0.49	30	20250919_LKAJ	Yes	AC_30min_LKAJ	Yes		
1	H	12	H12	96	O	23	O23	359	96	25	pl_12	QLP_AC	01	QLP_AC_expression_01	H12	V77KRF	O688D5	QLP_AA0081_B2_O2	C54EGP	QLP_AA0081	QLP_AC	JVI_anti-consensus-concept	L12F	L12F, H214V	Variant_supernatant		1.5154	0.3	30	20250919_LKAJ	Yes	AC_30min_LKAJ	Yes		
1	H	3	H03	87	O	5	O05	341	24	25	pl_12	QLP_AC	01	QLP_AC_expression_01	H03	V77KPG	O6885N	QLP_AA0021_B2_O2	C54EES	QLP_AA0021	QLP_AC	JVI_anti-consensus-concept	A257E	A257E	Variant_supernatant		1.4962	0.49	30	20250919_LKAJ	Yes	AC_30min_LKAJ	Yes		
2	E	11	E11	155	I	22	I22	214	85	25	pl_12	QLP_AC	01	QLP_AC_expression_01	E11	V77KR5	O688C2	QLP_AA0072_B3_O3	C54EGD	QLP_AA0072	QLP_AC	JVI_anti-consensus-concept	I222V	I222V	Variant_supernatant		1.4959	0.46	30	20250919_LKAJ	Yes	AC_30min_LKAJ	Yes		
1	G	12	G12	84	M	23	M23	311	95	25	pl_12	QLP_AC	01	QLP_AC_expression_01	G12	V77KRE	O688D4	QLP_AA0081_B2_O1	C54EGP	QLP_AA0081	QLP_AC	JVI_anti-consensus-concept	L12F	L12F	Variant_supernatant		1.4844	0.44	30	20250919_LKAJ	Yes	AC_30min_LKAJ	Yes		
1	E	11	E11	59	I	21	I21	213	85	25	pl_12	QLP_AC	01	QLP_AC_expression_01	E11	V77KR5	O688C2	QLP_AA0072_B3_O3	C54EGD	QLP_AA0072	QLP_AC	JVI_anti-consensus-concept	I222V	I222V	Variant_supernatant		1.4772	0.46	30	20250919_LKAJ	Yes	AC_30min_LKAJ	Yes		
1	D	5	D05	41	G	9	G09	153	36	25	pl_14	QLP_AC	3	QLP_AC_expression_03	D05	V77KV2	O688TX	QLP_AA0192_B2_O1	C54EM5	QLP_AA0192	QLP_AC	JKJV_C-C-bridge_disruption	C104A	C104A	Variant_supernatant		1.470425	0.29	30	20250919_JKJV	Yes	AC_30min_JKJV	Yes		
2	C	9	C09	129	E	18	E18	114	67	25	pl_12	QLP_AC	01	QLP_AC_expression_01	C09	V77KQN	O6889Z	QLP_AA0056_B3_O1	C54EFW	QLP_AA0056	QLP_AC	JVI_anti-consensus-concept	G240A	G240A	Variant_supernatant		1.4692	0.49	30	20250919_LKAJ	Yes	AC_30min_LKAJ	Yes		
2	D	5	D05	137	G	10	G10	154	36	25	pl_14	QLP_AC	3	QLP_AC_expression_03	D05	V77KV2	O688TX	QLP_AA0192_B2_O1	C54EM5	QLP_AA0192	QLP_AC	JKJV_C-C-bridge_disruption	C104A	C104A	Variant_supernatant		1.460125	0.29	30	20250919_JKJV	Yes	AC_30min_JKJV	Yes		
1	C	9	C09	33	E	17	E17	113	67	25	pl_12	QLP_AC	01	QLP_AC_expression_01	C09	V77KQN	O6889Z	QLP_AA0056_B3_O1	C54EFW	QLP_AA0056	QLP_AC	JVI_anti-consensus-concept	G240A	G240A	Variant_supernatant		1.4415	0.49	30	20250919_LKAJ	Yes	AC_30min_LKAJ	Yes		
2	E	12	E12	156	I	24	I24	216	93	25	pl_12	QLP_AC	01	QLP_AC_expression_01	E12	V77KRC	O688CX	QLP_AA0079_B3_O3	C54EGM	QLP_AA0079	QLP_AC	JVI_anti-consensus-concept	L10F	L10F	Variant_supernatant		1.4236	0.38	30	20250919_LKAJ	Yes	AC_30min_LKAJ	Yes		
1	E	12	E12	60	I	23	I23	215	93	25	pl_12	QLP_AC	01	QLP_AC_expression_01	E12	V77KRC	O688CX	QLP_AA0079_B3_O3	C54EGM	QLP_AA0079	QLP_AC	JVI_anti-consensus-concept	L10F	L10F	Variant_supernatant		1.4138	0.38	30	20250919_LKAJ	Yes	AC_30min_LKAJ	Yes		
1	E	4	E04	52	I	7	I07	199	29	25	pl_04	QLP_AA	4	QLP_AA_expression_04	E04	V771ND	O6753X	QLP_AA0150	C54EJU	QLP_AA0150	QLP_AA	JVI_anti-consensus-concept	T189N	S111G, T127R, A156G, T189N, L206V	Variant_supernatant		1.37	0.495189855	30	20250828	No	AA_30min	Yes		
2	E	4	E04	148	I	8	I08	200	29	25	pl_04	QLP_AA	4	QLP_AA_expression_04	E04	V771ND	O6753X	QLP_AA0150	C54EJU	QLP_AA0150	QLP_AA	JVI_anti-consensus-concept	T189N	S111G, T127R, A156G, T189N, L206V	Variant_supernatant		1.37	0.495189855	30	20250828	No	AA_30min	Yes		
2	F	12	F12	168	K	24	K24	264	94	25	pl_12	QLP_AC	01	QLP_AC_expression_01	F12	V77KRG	O688DA	QLP_AA0082_B3_O3	C54EGQ	QLP_AA0082	QLP_AC	JVI_anti-consensus-concept	L140A	L140A	Variant_supernatant		1.3632	0.47	30	20250919_LKAJ	Yes	AC_30min_LKAJ	Yes		
2	D	12	D12	144	G	24	G24	168	92	25	pl_12	QLP_AC	01	QLP_AC_expression_01	D12	V77KRB	O688CU	QLP_AA0078_B3_O4	C54EGK	QLP_AA0078	QLP_AC	JVI_anti-consensus-concept	K32E	K32E	Variant_supernatant		1.3596	0.45	30	20250919_LKAJ	Yes	AC_30min_LKAJ	Yes		
1	F	12	F12	72	K	23	K23	263	94	25	pl_12	QLP_AC	01	QLP_AC_expression_01	F12	V77KRG	O688DA	QLP_AA0082_B3_O3	C54EGQ	QLP_AA0082	QLP_AC	JVI_anti-consensus-concept	L140A	L140A	Variant_supernatant		1.3574	0.47	30	20250919_LKAJ	Yes	AC_30min_LKAJ	Yes		
2	D	6	D06	138	G	12	G12	156	44	25	pl_14	QLP_AC	3	QLP_AC_expression_03	D06	V77KV9	O688UP	QLP_AA0198_B2_O1	C54EMB	QLP_AA0198	QLP_AC	JKJV_C-C-bridge_disruption	C268A	C268A	Variant_supernatant		1.351425	0.04	30	20250919_JKJV	Yes	AC_30min_JKJV	Yes		
