batch	condition	sequence	activity_score	aggregation_penalty	objective	reference_sequence	mutations
1	pH6.5_low_salt	TTCCPSIVARSNFNVCRLPGTPEAICATYTGCIIIPGATCPGDYAN	0.9157191603576108	0.38846348244158657	0.9550033367935463	TTCCPSIVARSNFNVCRLPGTPEAICATYTGCIIIPGATCPGDYAN	WT
1	pH6.5_low_salt	STCCPSIVARSNFNVCRLPGTPEAICATYTGCIIIPGATCPGDYAN	0.9166812101511925	0.43305162768387434	0.8868425204095174	TTCCPSIVARSNFNVCRLPGTPEAICATYTGCIIIPGATCPGDYAN	T1S
1	pH6.5_low_salt	TACCPSIVARSNFNVCRLPGTPEAICATYTGCIIIPGATCPGDYAN	1.2516398692171091	0.88760425058675	0.6963393903425427	TTCCPSIVARSNFNVCRLPGTPEAICATYTGCIIIPGATCPGDYAN	T2A
1	pH6.5_low_salt	TTLCPSIVARSNFNVCRLPGTPEAICATYTGCIIIPGATCPGDYAN	1.0657460246759833	0.6736711694618348	0.7421830984914	TTCCPSIVARSNFNVCRLPGTPEAICATYTGCIIIPGATCPGDYAN	C3L
1	pH6.5_low_salt	TTCGPSIVARSNFNVCRLPGTPEAICATYTGCIIIPGATCPGDYAN	0.6072388175665285	0.43449051338181066	0.40460095909950655	TTCCPSIVARSNFNVCRLPGTPEAICATYTGCIIIPGATCPGDYAN	C4G
1	pH6.5_low_salt	TTCCDSIVARSNFNVCRLPGTPEAICATYTGCIIIPGATCPGDYAN	0.8021512979563181	0.447428744592267	0.6867294873551719	TTCCPSIVARSNFNVCRLPGTPEAICATYTGCIIIPGATCPGDYAN	P5D
1	pH6.5_low_salt	GSCCPSIVARSNFNVCRLPGTPEAICATYTGCIIIPGATCPGDYAN	1.0778382953493428	0.5371371820633617	0.9742258714235874	TTCCPSIVARSNFNVCRLPGTPEAICATYTGCIIIPGATCPGDYAN	T1G;T2S
1	pH6.5_low_salt	VTGCPSIVARSNFNVCRLPGTPEAICATYTGCIIIPGATCPGDYAN	1.2416559193473093	1.350352341965994	-0.04202647519799241	TTCCPSIVARSNFNVCRLPGTPEAICATYTGCIIIPGATCPGDYAN	T1V;C3G
1	pH6.5_low_salt	LTCIPSIVARSNFNVCRLPGTPEAICATYTGCIIIPGATCPGDYAN	1.6841001397962942	1.679884801693595	0.12949691104124728	TTCCPSIVARSNFNVCRLPGTPEAICATYTGCIIIPGATCPGDYAN	T1L;C4I
1	pH6.5_low_salt	LTCCGSIVARSNFNVCRLPGTPEAICATYTGCIIIPGATCPGDYAN	1.6361753446402727	1.542512624018023	0.2697531504213021	TTCCPSIVARSNFNVCRLPGTPEAICATYTGCIIIPGATCPGDYAN	T1L;P5G
1	pH6.5_low_salt	GTCCPDIVARSNFNVCRLPGTPEAICATYTGCIIIPGATCPGDYAN	0.7721835990062442	0.5758453805220112	0.43963958653566226	TTCCPSIVARSNFNVCRLPGTPEAICATYTGCIIIPGATCPGDYAN	T1G;S6D
1	pH6.5_low_salt	ATCCPSDVARSNFNVCRLPGTPEAICATYTGCIIIPGATCPGDYAN	0.407574579190621	0.9851768519718948	-0.7653610753368465	TTCCPSIVARSNFNVCRLPGTPEAICATYTGCIIIPGATCPGDYAN	T1A;I7D
1	pH6.5_low_salt	ITCCPSISARSNFNVCRLPGTPEAICATYTGCIIIPGATCPGDYAN	0.9499169195355267	1.414082880026261	-0.594115825903232	TTCCPSIVARSNFNVCRLPGTPEAICATYTGCIIIPGATCPGDYAN	T1I;V8S
1	pH6.5_low_salt	STCCPSIVGRSNFNVCRLPGTPEAICATYTGCIIIPGATCPGDYAN	0.6846322060470941	0.45464494912762965	0.4931661433139336	TTCCPSIVARSNFNVCRLPGTPEAICATYTGCIIIPGATCPGDYAN	T1S;A9G
1	pH6.5_low_salt	STCCPSIVASSNFNVCRLPGTPEAICATYTGCIIIPGATCPGDYAN	1.538061833680976	1.2037643226473538	0.6467373172827858	TTCCPSIVARSNFNVCRLPGTPEAICATYTGCIIIPGATCPGDYAN	T1S;R10S
1	pH6.5_low_salt	STCCPSIVARVNFNVCRLPGTPEAICATYTGCIIIPGATCPGDYAN	1.510722956184284	1.3766857291528771	0.3342022682853525	TTCCPSIVARSNFNVCRLPGTPEAICATYTGCIIIPGATCPGDYAN	T1S;S11V
2	pH7.0_high_salt	TTCCPSIVARSNFNVCRLPGTPEAICATYTGCIIIPGATCPGDYAN	0.8584188943673186	0.422081543097669	0.8136053587982071	TTCCPSIVARSNFNVCRLPGTPEAICATYTGCIIIPGATCPGDYAN	WT
2	pH7.0_high_salt	STCCPSIVARSNFNVCRLPGTPEAICATYTGCIIIPGATCPGDYAN	0.8464275933395351	0.4568861089902985	0.7406352187295511	TTCCPSIVARSNFNVCRLPGTPEAICATYTGCIIIPGATCPGDYAN	T1S
2	pH7.0_high_salt	TACCPSIVARSNFNVCRLPGTPEAICATYTGCIIIPGATCPGDYAN	1.1805401949137695	0.904038274250283	0.5603803014995388	TTCCPSIVARSNFNVCRLPGTPEAICATYTGCIIIPGATCPGDYAN	T2A
2	pH7.0_high_salt	TTLCPSIVARSNFNVCRLPGTPEAICATYTGCIIIPGATCPGDYAN	0.9997951926542596	0.6985056996909904	0.601087872187333	TTCCPSIVARSNFNVCRLPGTPEAICATYTGCIIIPGATCPGDYAN	C3L
2	pH7.0_high_salt	TTCGPSIVARSNFNVCRLPGTPEAICATYTGCIIIPGATCPGDYAN	0.5441885553425265	0.45851324808760513	0.26927311426915923	TTCCPSIVARSNFNVCRLPGTPEAICATYTGCIIIPGATCPGDYAN	C4G
2	pH7.0_high_salt	TTCCDSIVARSNFNVCRLPGTPEAICATYTGCIIIPGATCPGDYAN	0.7303945297725535	0.47348282541291664	0.534723227277772	TTCCPSIVARSNFNVCRLPGTPEAICATYTGCIIIPGATCPGDYAN	P5D
2	pH7.0_high_salt	STCCPSIVARSSFNVCRLPGTPEAICATYTGCIIIPGATCPGDYAN	1.2384891816530263	0.9628188526063419	0.5584445609195658	TTCCPSIVARSNFNVCRLPGTPEAICATYTGCIIIPGATCPGDYAN	T1S;N12S
2	pH7.0_high_salt	ITCCPSIVARSNANVCRLPGTPEAICATYTGCIIIPGATCPGDYAN	1.4245559684599938	1.4971137413975408	0.01241781370131273	TTCCPSIVARSNFNVCRLPGTPEAICATYTGCIIIPGATCPGDYAN	T1I;F13A
2	pH7.0_high_salt	DTCCPSIVARSNFGVCRLPGTPEAICATYTGCIIIPGATCPGDYAN	1.0088022321943204	1.0985776975719364	-0.009910894104338874	TTCCPSIVARSNFNVCRLPGTPEAICATYTGCIIIPGATCPGDYAN	T1D;N14G
2	pH7.0_high_salt	DTCCPSIVARSNFNSCRLPGTPEAICATYTGCIIIPGATCPGDYAN	0.03687067856934615	0.5270113149655166	-0.6246605439430881	TTCCPSIVARSNFNVCRLPGTPEAICATYTGCIIIPGATCPGDYAN	T1D;V15S
2	pH7.0_high_salt	ATCCPSIVARSNFNVGRLPGTPEAICATYTGCIIIPGATCPGDYAN	0.8769248084377743	0.96216947148733	-0.0013842155393585243	TTCCPSIVARSNFNVCRLPGTPEAICATYTGCIIIPGATCPGDYAN	T1A;C16G
2	pH7.0_high_salt	VTCCPSIVARSNFNVCALPGTPEAICATYTGCIIIPGATCPGDYAN	2.335611162966135	2.546843128350834	-0.2142208471664555	TTCCPSIVARSNFNVCRLPGTPEAICATYTGCIIIPGATCPGDYAN	T1V;R17A
2	pH7.0_high_salt	STCCPSIVARSNFNVCRSPGTPEAICATYTGCIIIPGATCPGDYAN	0.3668905577950063	0.5106500191373842	-0.0871891102181277	TTCCPSIVARSNFNVCRLPGTPEAICATYTGCIIIPGATCPGDYAN	T1S;L18S
2	pH7.0_high_salt	ITCCPSIVARSNFNVCRLDGTPEAICATYTGCIIIPGATCPGDYAN	1.3094524825843237	1.4624508212791945	-0.11197731905151548	TTCCPSIVARSNFNVCRLPGTPEAICATYTGCIIIPGATCPGDYAN	T1I;P19D
2	pH7.0_high_salt	LTCCPSIVARSNFNVCRLPATPEAICATYTGCIIIPGATCPGDYAN	1.6182982374771915	1.7190404844557479	-0.03373900545045272	TTCCPSIVARSNFNVCRLPGTPEAICATYTGCIIIPGATCPGDYAN	T1L;G20A
2	pH7.0_high_salt	LTCCPSIVARSNFNVCRLPGIPEAICATYTGCIIIPGATCPGDYAN	1.985919790146839	2.2443832343307832	-0.2841612283162631	TTCCPSIVARSNFNVCRLPGTPEAICATYTGCIIIPGATCPGDYAN	T1L;T21I
3	pH7.5_low_salt	TTCCPSIVARSNFNVCRLPGTPEAICATYTGCIIIPGATCPGDYAN	0.9069071912404154	0.370685153047584	0.9691068988289301	TTCCPSIVARSNFNVCRLPGTPEAICATYTGCIIIPGATCPGDYAN	WT
3	pH7.5_low_salt	STCCPSIVARSNFNVCRLPGTPEAICATYTGCIIIPGATCPGDYAN	0.9015545184411317	0.40123056860613726	0.9130877216082361	TTCCPSIVARSNFNVCRLPGTPEAICATYTGCIIIPGATCPGDYAN	T1S
3	pH7.5_low_salt	TACCPSIVARSNFNVCRLPGTPEAICATYTGCIIIPGATCPGDYAN	1.2361022561512176	0.8515554709792413	0.7285514964724897	TTCCPSIVARSNFNVCRLPGTPEAICATYTGCIIIPGATCPGDYAN	T2A
3	pH7.5_low_salt	TTLCPSIVARSNFNVCRLPGTPEAICATYTGCIIIPGATCPGDYAN	1.0512490855438206	0.6439714698505992	0.7660912758531552	TTCCPSIVARSNFNVCRLPGTPEAICATYTGCIIIPGATCPGDYAN	C3L
3	pH7.5_low_salt	TTCGPSIVARSNFNVCRLPGTPEAICATYTGCIIIPGATCPGDYAN	0.5876692095359499	0.41135370436232793	0.41038844860672863	TTCCPSIVARSNFNVCRLPGTPEAICATYTGCIIIPGATCPGDYAN	C4G
3	pH7.5_low_salt	TTCCDSIVARSNFNVCRLPGTPEAICATYTGCIIIPGATCPGDYAN	0.782848756698871	0.4221591371855236	0.6962629777910285	TTCCPSIVARSNFNVCRLPGTPEAICATYTGCIIIPGATCPGDYAN	P5D
3	pH7.5_low_salt	VTCCPSIVARSNFNVCRLPGTIEAICATYTGCIIIPGATCPGDYAN	2.2150589754695265	2.4146032486467166	-0.19463850372991098	TTCCPSIVARSNFNVCRLPGTPEAICATYTGCIIIPGATCPGDYAN	T1V;P22I
3	pH7.5_low_salt	VTCCPSIVARSNFNVCRLPGTPVAICATYTGCIIIPGATCPGDYAN	2.5093232784646897	2.652277330057168	-0.10946945115363782	TTCCPSIVARSNFNVCRLPGTPEAICATYTGCIIIPGATCPGDYAN	T1V;E23V
3	pH7.5_low_salt	ATCCPSIVARSNFNVCRLPGTPEDICATYTGCIIIPGATCPGDYAN	0.665414460777714	0.9340348050296025	-0.2855196248675876	TTCCPSIVARSNFNVCRLPGTPEAICATYTGCIIIPGATCPGDYAN	T1A;A24D
3	pH7.5_low_salt	STCCPSIVARSNFNVCRLPGTPEALCATYTGCIIIPGATCPGDYAN	0.868711073365264	0.4081486787349991	0.8513352885092069	TTCCPSIVARSNFNVCRLPGTPEAICATYTGCIIIPGATCPGDYAN	T1S;I25L
3	pH7.5_low_salt	ITCCPSIVARSNFNVCRLPGTPEAIVATYTGCIIIPGATCPGDYAN	1.71260636771243	1.6597589661427243	0.20515400825748542	TTCCPSIVARSNFNVCRLPGTPEAICATYTGCIIIPGATCPGDYAN	T1I;C26V
3	pH7.5_low_salt	LTCCPSIVARSNFNVCRLPGTPEAICTTYTGCIIIPGATCPGDYAN	1.1109035466369184	1.265205096672972	-0.11183170295751237	TTCCPSIVARSNFNVCRLPGTPEAICATYTGCIIIPGATCPGDYAN	T1L;A27T
3	pH7.5_low_salt	DTCCPSIVARSNFNVCRLPGTPEAICADYTGCIIIPGATCPGDYAN	0.405031444822937	0.47645156253706866	0.025396320042752052	TTCCPSIVARSNFNVCRLPGTPEAICATYTGCIIIPGATCPGDYAN	T1D;T28D
3	pH7.5_low_salt	VTCCPSIVARSNFNVCRLPGTPEAICATTTGCIIIPGATCPGDYAN	1.6239672659123137	1.4484972702593089	0.39768202828160215	TTCCPSIVARSNFNVCRLPGTPEAICATYTGCIIIPGATCPGDYAN	T1V;Y29T
3	pH7.5_low_salt	VTCCPSIVARSNFNVCRLPGTPEAICATYGGCIIIPGATCPGDYAN	1.5878132121893684	1.3793929262820297	0.44955234679014067	TTCCPSIVARSNFNVCRLPGTPEAICATYTGCIIIPGATCPGDYAN	T1V;T30G
3	pH7.5_low_salt	DTCCPSIVARSNFNVCRLPGTPEAICATYTACIIIPGATCPGDYAN	0.919738577035145	0.8403073841758966	0.255392810217664	TTCCPSIVARSNFNVCRLPGTPEAICATYTGCIIIPGATCPGDYAN	T1D;G31A
4	pH8.0_high_buffer	TTCCPSIVARSNFNVCRLPGTPEAICATYTGCIIIPGATCPGDYAN	0.8570113378907294	0.407009871746616	0.8349661394496339	TTCCPSIVARSNFNVCRLPGTPEAICATYTGCIIIPGATCPGDYAN	WT
4	pH8.0_high_buffer	STCCPSIVARSNFNVCRLPGTPEAICATYTGCIIIPGATCPGDYAN	0.8574064019149698	0.44817788496673205	0.7712685779461861	TTCCPSIVARSNFNVCRLPGTPEAICATYTGCIIIPGATCPGDYAN	T1S
4	pH8.0_high_buffer	TACCPSIVARSNFNVCRLPGTPEAICATYTGCIIIPGATCPGDYAN	1.189424720404322	0.896377856340662	0.5861282741868938	TTCCPSIVARSNFNVCRLPGTPEAICATYTGCIIIPGATCPGDYAN	T2A
4	pH8.0_high_buffer	TTLCPSIVARSNFNVCRLPGTPEAICATYTGCIIIPGATCPGDYAN	1.0074211651238931	0.6838121419776008	0.6358704088897316	TTCCPSIVARSNFNVCRLPGTPEAICATYTGCIIIPGATCPGDYAN	C3L
4	pH8.0_high_buffer	TTCGPSIVARSNFNVCRLPGTPEAICATYTGCIIIPGATCPGDYAN	0.5497924301129345	0.4498645447456913	0.2914761259991919	TTCCPSIVARSNFNVCRLPGTPEAICATYTGCIIIPGATCPGDYAN	C4G
4	pH8.0_high_buffer	TTCCDSIVARSNFNVCRLPGTPEAICATYTGCIIIPGATCPGDYAN	0.7367648350071369	0.4594675608965673	0.5664984349304958	TTCCPSIVARSNFNVCRLPGTPEAICATYTGCIIIPGATCPGDYAN	P5D
4	pH8.0_high_buffer	STCCPSIVARSNFNVCRLPGTPEAICATYTGGIIIPGATCPGDYAN	0.5596325082570826	0.4814698180234359	0.25736764428331327	TTCCPSIVARSNFNVCRLPGTPEAICATYTGCIIIPGATCPGDYAN	T1S;C32G
4	pH8.0_high_buffer	STCCPSIVARSNFNVCRLPGTPEAICATYTGCTIIPGATCPGDYAN	0.2892519881453685	0.47227310233546693	-0.1476684681689011	TTCCPSIVARSNFNVCRLPGTPEAICATYTGCIIIPGATCPGDYAN	T1S;I33T
4	pH8.0_high_buffer	STCCPSIVARSNFNVCRLPGTPEAICATYTGCISIPGATCPGDYAN	0.2659623186529242	0.5242766617122788	-0.26503146030271885	TTCCPSIVARSNFNVCRLPGTPEAICATYTGCIIIPGATCPGDYAN	T1S;I34S
4	pH8.0_high_buffer	ITCCPSIVARSNFNVCRLPGTPEAICATYTGCIIAPGATCPGDYAN	1.2234657014491825	1.4629326714757154	-0.24610905850651552	TTCCPSIVARSNFNVCRLPGTPEAICATYTGCIIIPGATCPGDYAN	T1I;I35A
4	pH8.0_high_buffer	VTCCPSIVARSNFNVCRLPGTPEAICATYTGCIIIIGATCPGDYAN	2.1521024119880376	2.456715091006637	-0.3580787994203285	TTCCPSIVARSNFNVCRLPGTPEAICATYTGCIIIPGATCPGDYAN	T1V;P36I
4	pH8.0_high_buffer	GTCCPSIVARSNFNVCRLPGTPEAICATYTGCIIIPDATCPGDYAN	0.6341920302958949	0.6225889653829065	0.15257274844756563	TTCCPSIVARSNFNVCRLPGTPEAICATYTGCIIIPGATCPGDYAN	T1G;G37D
4	pH8.0_high_buffer	LTCCPSIVARSNFNVCRLPGTPEAICATYTGCIIIPGGTCPGDYAN	1.1230478599142917	1.294978843115757	-0.13950484481874112	TTCCPSIVARSNFNVCRLPGTPEAICATYTGCIIIPGATCPGDYAN	T1L;A38G
4	pH8.0_high_buffer	GTCCPSIVARSNFNVCRLPGTPEAICATYTGCIIIPGAGCPGDYAN	1.058226158986416	0.6249046242698737	0.8066989738477055	TTCCPSIVARSNFNVCRLPGTPEAICATYTGCIIIPGATCPGDYAN	T1G;T39G
4	pH8.0_high_buffer	ITCCPSIVARSNFNVCRLPGTPEAICATYTGCIIIPGATAPGDYAN	1.4171776247714496	1.4145856822599283	0.12989356091250626	TTCCPSIVARSNFNVCRLPGTPEAICATYTGCIIIPGATCPGDYAN	T1I;C40A
4	pH8.0_high_buffer	LTCCPSIVARSNFNVCRLPGTPEAICATYTGCIIIPGATCAGDYAN	1.8131496255070132	1.8828794705645893	0.012566038760954079	TTCCPSIVARSNFNVCRLPGTPEAICATYTGCIIIPGATCPGDYAN	T1L;P41A
5	pH6.0_high_salt	TTCCPSIVARSNFNVCRLPGTPEAICATYTGCIIIPGATCPGDYAN	0.9204677540144216	0.356415866811053	1.0124321452073453	TTCCPSIVARSNFNVCRLPGTPEAICATYTGCIIIPGATCPGDYAN	WT
5	pH6.0_high_salt	STCCPSIVARSNFNVCRLPGTPEAICATYTGCIIIPGATCPGDYAN	0.907283760082725	0.3995610505212696	0.9245827041729355	TTCCPSIVARSNFNVCRLPGTPEAICATYTGCIIIPGATCPGDYAN	T1S
5	pH6.0_high_salt	TACCPSIVARSNFNVCRLPGTPEAICATYTGCIIIPGATCPGDYAN	1.23953418919828	0.8439865136116286	0.7456987662485913	TTCCPSIVARSNFNVCRLPGTPEAICATYTGCIIIPGATCPGDYAN	T2A
5	pH6.0_high_salt	TTLCPSIVARSNFNVCRLPGTPEAICATYTGCIIIPGATCPGDYAN	1.0609314304457682	0.6353025454887057	0.7946522242936301	TTCCPSIVARSNFNVCRLPGTPEAICATYTGCIIIPGATCPGDYAN	C3L
5	pH6.0_high_salt	TTCGPSIVARSNFNVCRLPGTPEAICATYTGCIIIPGATCPGDYAN	0.5971299274851176	0.3942215147067034	0.4518264585241155	TTCCPSIVARSNFNVCRLPGTPEAICATYTGCIIIPGATCPGDYAN	C4G
5	pH6.0_high_salt	TTCCDSIVARSNFNVCRLPGTPEAICATYTGCIIIPGATCPGDYAN	0.7901210463930681	0.40960921698429287	0.7271482262490414	TTCCPSIVARSNFNVCRLPGTPEAICATYTGCIIIPGATCPGDYAN	P5D
5	pH6.0_high_salt	GTCCPSIVARSNFNVCRLPGTPEAICATYTGCIIIPGATCPTDYAN	0.9113036922450621	0.531005664592328	0.725482826071272	TTCCPSIVARSNFNVCRLPGTPEAICATYTGCIIIPGATCPGDYAN	T1G;G42T
5	pH6.0_high_salt	ITCCPSIVARSNFNVCRLPGTPEAICATYTGCIIIPGATCPGLYAN	2.4589938752589995	2.693422767191463	-0.25181337128184644	TTCCPSIVARSNFNVCRLPGTPEAICATYTGCIIIPGATCPGDYAN	T1I;D43L
5	pH6.0_high_salt	ITCCPSIVARSNFNVCRLPGTPEAICATYTGCIIIPGATCPGDIAN	2.223505489446068	2.417267988838542	-0.18569934033573543	TTCCPSIVARSNFNVCRLPGTPEAICATYTGCIIIPGATCPGDYAN	T1I;Y44I
5	pH6.0_high_salt	ITCCPSIVARSNFNVCRLPGTPEAICATYTGCIIIPGATCPGDYIN	1.794489195986413	1.9121718477089458	-0.06213813540928048	TTCCPSIVARSNFNVCRLPGTPEAICATYTGCIIIPGATCPGDYAN	T1I;A45I
5	pH6.0_high_salt	VTCCPSIVARSNFNVCRLPGTPEAICATYTGCIIIPGATCPGDYAT	1.8163127577720966	1.7645784869598766	0.20227573495750473	TTCCPSIVARSNFNVCRLPGTPEAICATYTGCIIIPGATCPGDYAN	T1V;N46T
5	pH6.0_high_salt	TADCPSIVARSNFNVCRLPGTPEAICATYTGCIIIPGATCPGDYAN	0.6520588772175139	0.9026800112759817	-0.2572555300132467	TTCCPSIVARSNFNVCRLPGTPEAICATYTGCIIIPGATCPGDYAN	T2A;C3D
5	pH6.0_high_salt	TVCSPSIVARSNFNVCRLPGTPEAICATYTGCIIIPGATCPGDYAN	1.1475437182885364	1.2712462125953659	-0.0644341280505989	TTCCPSIVARSNFNVCRLPGTPEAICATYTGCIIIPGATCPGDYAN	T2V;C4S
5	pH6.0_high_salt	TGCCASIVARSNFNVCRLPGTPEAICATYTGCIIIPGATCPGDYAN	1.4285594326688436	1.1259511576115502	0.5984372474283187	TTCCPSIVARSNFNVCRLPGTPEAICATYTGCIIIPGATCPGDYAN	T2G;P5A
5	pH6.0_high_salt	TLCCPAIVARSNFNVCRLPGTPEAICATYTGCIIIPGATCPGDYAN	1.779110711299737	1.6933818719914995	0.25578888063404137	TTCCPSIVARSNFNVCRLPGTPEAICATYTGCIIIPGATCPGDYAN	T2L;S6A
5	pH6.0_high_salt	TDCCPSTVARSNFNVCRLPGTPEAICATYTGCIIIPGATCPGDYAN	0.05837055228226175	0.46992144655551915	-0.5021282590107334	TTCCPSIVARSNFNVCRLPGTPEAICATYTGCIIIPGATCPGDYAN	T2D;I7T
6	pH7.2_low_salt	TLCCPSIAARSNFNVCRLPGTPEAICATYTGCIIIPGATCPGDYAN	1.0986135538210238	1.2864379610661225	-0.1640642078766283	TTCCPSIVARSNFNVCRLPGTPEAICATYTGCIIIPGATCPGDYAN	T2L;V8A
6	pH7.2_low_salt	TVCCPSIVIRSNFNVCRLPGTPEAICATYTGCIIIPGATCPGDYAN	1.6809638927503034	1.8559923701531225	-0.1504732959827929	TTCCPSIVARSNFNVCRLPGTPEAICATYTGCIIIPGATCPGDYAN	T2V;A9I
6	pH7.2_low_salt	TLCCPSIVASSNFNVCRLPGTPEAICATYTGCIIIPGATCPGDYAN	1.9783437884984514	2.007307044733199	0.07443436662452085	TTCCPSIVARSNFNVCRLPGTPEAICATYTGCIIIPGATCPGDYAN	T2L;R10S
6	pH7.2_low_salt	TACCPSIVARINFNVCRLPGTPEAICATYTGCIIIPGATCPGDYAN	1.760233819985146	1.9022640326325257	-0.09979617605039093	TTCCPSIVARSNFNVCRLPGTPEAICATYTGCIIIPGATCPGDYAN	T2A;S11I
6	pH7.2_low_salt	TGCCPSIVARSLFNVCRLPGTPEAICATYTGCIIIPGATCPGDYAN	1.7944443327464283	1.8644764981589064	0.012299282357658647	TTCCPSIVARSNFNVCRLPGTPEAICATYTGCIIIPGATCPGDYAN	T2G;N12L
6	pH7.2_low_salt	TVCCPSIVARSNGNVCRLPGTPEAICATYTGCIIIPGATCPGDYAN	1.1193768278574723	1.437001403985022	-0.36705889484066967	TTCCPSIVARSNFNVCRLPGTPEAICATYTGCIIIPGATCPGDYAN	T2V;F13G
6	pH7.2_low_salt	TGCCPSIVARSNFAVCRLPGTPEAICATYTGCIIIPGATCPGDYAN	1.6137466306448724	1.5144528037737002	0.2787961697636427	TTCCPSIVARSNFNVCRLPGTPEAICATYTGCIIIPGATCPGDYAN	T2G;N14A
6	pH7.2_low_salt	TSCCPSIVARSNFNTCRLPGTPEAICATYTGCIIIPGATCPGDYAN	0.27638913179161	0.44875139139403813	-0.13087647983443285	TTCCPSIVARSNFNVCRLPGTPEAICATYTGCIIIPGATCPGDYAN	T2S;V15T
6	pH7.2_low_salt	TICCPSIVARSNFNVLRLPGTPEAICATYTGCIIIPGATCPGDYAN	1.5798173080325284	1.6629094633192112	-0.0057442365257763806	TTCCPSIVARSNFNVCRLPGTPEAICATYTGCIIIPGATCPGDYAN	T2I;C16L
6	pH7.2_low_salt	TSCCPSIVARSNFNVCTLPGTPEAICATYTGCIIIPGATCPGDYAN	1.4774461209765095	1.1680617231219885	0.6084854186203766	TTCCPSIVARSNFNVCRLPGTPEAICATYTGCIIIPGATCPGDYAN	T2S;R17T
7	pH8.3_high_buffer	TICCPSIVARSNFNVCRDPGTPEAICATYTGCIIIPGATCPGDYAN	0.7388411156563195	1.4556711084626734	-0.9864943966448052	TTCCPSIVARSNFNVCRLPGTPEAICATYTGCIIIPGATCPGDYAN	T2I;L18D
7	pH8.3_high_buffer	TICCPSIVARSNFNVCRLDGTPEAICATYTGCIIIPGATCPGDYAN	1.340696473542182	1.4392597528487716	-0.027285185428997882	TTCCPSIVARSNFNVCRLPGTPEAICATYTGCIIIPGATCPGDYAN	T2I;P19D
7	pH8.3_high_buffer	TICCPSIVARSNFNVCRLPLTPEAICATYTGCIIIPGATCPGDYAN	1.9005721639161457	2.2483102405564166	-0.4226833680779818	TTCCPSIVARSNFNVCRLPGTPEAICATYTGCIIIPGATCPGDYAN	T2I;G20L
7	pH8.3_high_buffer	TICCPSIVARSNFNVCRLPGIPEAICATYTGCIIIPGATCPGDYAN	2.1042632543107826	2.3780901606654687	-0.30946138719260974	TTCCPSIVARSNFNVCRLPGTPEAICATYTGCIIIPGATCPGDYAN	T2I;T21I
7	pH8.3_high_buffer	TGCCPSIVARSNFNVCRLPGTDEAICATYTGCIIIPGATCPGDYAN	0.8536860705202974	0.560874362869109	0.5894496236497256	TTCCPSIVARSNFNVCRLPGTPEAICATYTGCIIIPGATCPGDYAN	T2G;P22D
7	pH8.3_high_buffer	TDCCPSIVARSNFNVCRLPGTPIAICATYTGCIIIPGATCPGDYAN	1.4929918260466826	1.896176779360081	-0.5048213691248643	TTCCPSIVARSNFNVCRLPGTPEAICATYTGCIIIPGATCPGDYAN	T2D;E23I
7	pH8.3_high_buffer	TICCPSIVARSNFNVCRLPGTPEIICATYTGCIIIPGATCPGDYAN	1.7857006793212113	1.9614213351745438	-0.15270530190402054	TTCCPSIVARSNFNVCRLPGTPEAICATYTGCIIIPGATCPGDYAN	T2I;A24I
7	pH8.3_high_buffer	TLCCPSIVARSNFNVCRLPGTPEAVCATYTGCIIIPGATCPGDYAN	1.4026662730541575	1.3088577090888498	0.2725464991666302	TTCCPSIVARSNFNVCRLPGTPEAICATYTGCIIIPGATCPGDYAN	T2L;I25V
7	pH8.3_high_buffer	TLCCPSIVARSNFNVCRLPGTPEAIVATYTGCIIIPGATCPGDYAN	1.6210378623866832	1.5807906191266288	0.1864767916256369	TTCCPSIVARSNFNVCRLPGTPEAICATYTGCIIIPGATCPGDYAN	T2L;C26V
7	pH8.3_high_buffer	TICCPSIVARSNFNVCRLPGTPEAICGTYTGCIIIPGATCPGDYAN	1.2364231907883423	1.4014090333133995	-0.12990116798469342	TTCCPSIVARSNFNVCRLPGTPEAICATYTGCIIIPGATCPGDYAN	T2I;A27G
8	pH6.8_moderate_salt	TICCPSIVARSNFNVCRLPGTPEAICADYTGCIIIPGATCPGDYAN	1.2114231446315566	1.3711604315569328	-0.12142749712765255	TTCCPSIVARSNFNVCRLPGTPEAICATYTGCIIIPGATCPGDYAN	T2I;T28D
8	pH6.8_moderate_salt	TSCCPSIVARSNFNVCRLPGTPEAICATSTGCIIIPGATCPGDYAN	1.0041623866737222	0.5425263448234352	0.8515243019446455	TTCCPSIVARSNFNVCRLPGTPEAICATYTGCIIIPGATCPGDYAN	T2S;Y29S
8	pH6.8_moderate_salt	TSCCPSIVARSNFNVCRLPGTPEAICATYAGCIIIPGATCPGDYAN	1.1906990232359556	0.8587978816311034	0.6468102531120368	TTCCPSIVARSNFNVCRLPGTPEAICATYTGCIIIPGATCPGDYAN	T2S;T30A
8	pH6.8_moderate_salt	TDCCPSIVARSNFNVCRLPGTPEAICATYTTCIIIPGATCPGDYAN	0.4978647047504994	0.4403994666677227	0.22571387332445736	TTCCPSIVARSNFNVCRLPGTPEAICATYTGCIIIPGATCPGDYAN	T2D;G31T
8	pH6.8_moderate_salt	TLCCPSIVARSNFNVCRLPGTPEAICATYTGLIIIPGATCPGDYAN	1.4589258194952093	1.4709265878418445	0.10663896451078758	TTCCPSIVARSNFNVCRLPGTPEAICATYTGCIIIPGATCPGDYAN	T2L;C32L
8	pH6.8_moderate_salt	TLCCPSIVARSNFNVCRLPGTPEAICATYTGCLIIPGATCPGDYAN	1.2761975497507463	1.183275494846558	0.2725511324634763	TTCCPSIVARSNFNVCRLPGTPEAICATYTGCIIIPGATCPGDYAN	T2L;I33L
8	pH6.8_moderate_salt	TICCPSIVARSNFNVCRLPGTPEAICATYTGCIGIPGATCPGDYAN	0.9259958692185475	1.4372968288989565	-0.6674846695160895	TTCCPSIVARSNFNVCRLPGTPEAICATYTGCIIIPGATCPGDYAN	T2I;I34G
8	pH6.8_moderate_salt	TACCPSIVARSNFNVCRLPGTPEAICATYTGCIIVPGATCPGDYAN	1.1398791080281898	0.8565193831524033	0.5715399154631068	TTCCPSIVARSNFNVCRLPGTPEAICATYTGCIIIPGATCPGDYAN	T2A;I35V
8	pH6.8_moderate_salt	TACCPSIVARSNFNVCRLPGTPEAICATYTGCIIIVGATCPGDYAN	1.8423380080248153	1.8798162012588666	0.06262707827646818	TTCCPSIVARSNFNVCRLPGTPEAICATYTGCIIIPGATCPGDYAN	T2A;P36V
8	pH6.8_moderate_salt	TICCPSIVARSNFNVCRLPGTPEAICATYTGCIIIPVATCPGDYAN	1.9491684306057002	2.2341679833530175	-0.3252106727802493	TTCCPSIVARSNFNVCRLPGTPEAICATYTGCIIIPGATCPGDYAN	T2I;G37V
9	pH7.8_low_salt	TLCCPSIVARSNFNVCRLPGTPEAICATYTGCIIIPGGTCPGDYAN	1.1886260264774862	1.2682840976689904	0.003918242933419774	TTCCPSIVARSNFNVCRLPGTPEAICATYTGCIIIPGATCPGDYAN	T2L;A38G
9	pH7.8_low_salt	TICCPSIVARSNFNVCRLPGTPEAICATYTGCIIIPGASCPGDYAN	1.4955250177789117	1.3833297577094823	0.300248945910612	TTCCPSIVARSNFNVCRLPGTPEAICATYTGCIIIPGATCPGDYAN	T2I;T39S
9	pH7.8_low_salt	TVCCPSIVARSNFNVCRLPGTPEAICATYTGCIIIPGATLPGDYAN	1.581625915621676	1.58151944055255	0.12420414010474867	TTCCPSIVARSNFNVCRLPGTPEAICATYTGCIIIPGATCPGDYAN	T2V;C40L
9	pH7.8_low_salt	TLCCPSIVARSNFNVCRLPGTPEAICATYTGCIIIPGATCVGDYAN	2.106447929106963	2.322526419954207	-0.21927404467639788	TTCCPSIVARSNFNVCRLPGTPEAICATYTGCIIIPGATCPGDYAN	T2L;P41V
9	pH7.8_low_salt	TGCCPSIVARSNFNVCRLPGTPEAICATYTGCIIIPGATCPSDYAN	0.9180083001791087	0.5407200336808952	0.7207074832448597	TTCCPSIVARSNFNVCRLPGTPEAICATYTGCIIIPGATCPGDYAN	T2G;G42S
9	pH7.8_low_salt	TACCPSIVARSNFNVCRLPGTPEAICATYTGCIIIPGATCPGLYAN	2.1491605285722577	2.2245982915469553	-4.2240248192326746e-05	TTCCPSIVARSNFNVCRLPGTPEAICATYTGCIIIPGATCPGDYAN	T2A;D43L
9	pH7.8_low_salt	TSCCPSIVARSNFNVCRLPGTPEAICATYTGCIIIPGATCPGDGAN	1.087891454326902	0.723431116288549	0.6988019364120919	TTCCPSIVARSNFNVCRLPGTPEAICATYTGCIIIPGATCPGDYAN	T2S;Y44G
9	pH7.8_low_salt	TACCPSIVARSNFNVCRLPGTPEAICATYTGCIIIPGATCPGDYIN	1.4922235194475901	1.454864411182492	0.1833803677130364	TTCCPSIVARSNFNVCRLPGTPEAICATYTGCIIIPGATCPGDYAN	T2A;A45I
9	pH7.8_low_salt	TLCCPSIVARSNFNVCRLPGTPEAICATYTGCIIIPGATCPGDYAI	2.3395671202407082	2.7033886661782587	-0.4526312197043947	TTCCPSIVARSNFNVCRLPGTPEAICATYTGCIIIPGATCPGDYAN	T2L;N46I
9	pH7.8_low_salt	TTIAPSIVARSNFNVCRLPGTPEAICATYTGCIIIPGATCPGDYAN	1.0603461093236914	0.8314419202946258	0.487346336945489	TTCCPSIVARSNFNVCRLPGTPEAICATYTGCIIIPGATCPGDYAN	C3I;C4A
10	pH6.3_high_salt	TTVCISIVARSNFNVCRLPGTPEAICATYTGCIIIPGATCPGDYAN	1.806165688991647	1.848878782093474	0.054846828958299954	TTCCPSIVARSNFNVCRLPGTPEAICATYTGCIIIPGATCPGDYAN	C3V;P5I
10	pH6.3_high_salt	TTLCPLIVARSNFNVCRLPGTPEAICATYTGCIIIPGATCPGDYAN	1.54973987359154	1.5690177714415308	0.09427328277165015	TTCCPSIVARSNFNVCRLPGTPEAICATYTGCIIIPGATCPGDYAN	C3L;S6L
10	pH6.3_high_salt	TTGCPSAVARSNFNVCRLPGTPEAICATYTGCIIIPGATCPGDYAN	0.3326588033463726	0.48966526246022746	-0.1075067314249587	TTCCPSIVARSNFNVCRLPGTPEAICATYTGCIIIPGATCPGDYAN	C3G;I7A
10	pH6.3_high_salt	TTTCPSITARSNFNVCRLPGTPEAICATYTGCIIIPGATCPGDYAN	-0.06319112169726739	0.38523693529765035	-0.5584001249189814	TTCCPSIVARSNFNVCRLPGTPEAICATYTGCIIIPGATCPGDYAN	C3T;V8T
10	pH6.3_high_salt	TTDCPSIVGRSNFNVCRLPGTPEAICATYTGCIIIPGATCPGDYAN	0.013017606408575844	0.4395843473834712	-0.5250868906464057	TTCCPSIVARSNFNVCRLPGTPEAICATYTGCIIIPGATCPGDYAN	C3D;A9G
10	pH6.3_high_salt	TTVCPSIVATSNFNVCRLPGTPEAICATYTGCIIIPGATCPGDYAN	1.6802022934603515	1.4507994458214573	0.48131506974806143	TTCCPSIVARSNFNVCRLPGTPEAICATYTGCIIIPGATCPGDYAN	C3V;R10T
10	pH6.3_high_salt	TTGCPSIVARANFNVCRLPGTPEAICATYTGCIIIPGATCPGDYAN	0.9369631117242592	0.8770807540095722	0.22466547048597235	TTCCPSIVARSNFNVCRLPGTPEAICATYTGCIIIPGATCPGDYAN	C3G;S11A
10	pH6.3_high_salt	TTDCPSIVARSVFNVCRLPGTPEAICATYTGCIIIPGATCPGDYAN	1.2061520106503474	1.8275703896033677	-0.8425819666436154	TTCCPSIVARSNFNVCRLPGTPEAICATYTGCIIIPGATCPGDYAN	C3D;N12V
10	pH6.3_high_salt	TTLCPSIVARSNSNVCRLPGTPEAICATYTGCIIIPGATCPGDYAN	0.694805921921448	0.7335218196494485	0.07330132562109637	TTCCPSIVARSNFNVCRLPGTPEAICATYTGCIIIPGATCPGDYAN	C3L;F13S
10	pH6.3_high_salt	TTVCPSIVARSNFAVCRLPGTPEAICATYTGCIIIPGATCPGDYAN	1.7621607536278994	1.7095501795049388	0.20423960490868798	TTCCPSIVARSNFNVCRLPGTPEAICATYTGCIIIPGATCPGDYAN	C3V;N14A
11	pH6.5_low_salt	TTTCPSIVARSNFNTCRLPGTPEAICATYTGCIIIPGATCPGDYAN	-0.022287751921589213	0.4258090677949204	-0.5583320822292193	TTCCPSIVARSNFNVCRLPGTPEAICATYTGCIIIPGATCPGDYAN	C3T;V15T
11	pH6.5_low_salt	TTACPSIVARSNFNVGRLPGTPEAICATYTGCIIIPGATCPGDYAN	0.5621545445832351	0.49627717969196333	0.2381484869488374	TTCCPSIVARSNFNVCRLPGTPEAICATYTGCIIIPGATCPGDYAN	C3A;C16G
11	pH6.5_low_salt	TTDCPSIVARSNFNVCLLPGTPEAICATYTGCIIIPGATCPGDYAN	1.375770620064745	1.9767997806866493	-0.8125946379230653	TTCCPSIVARSNFNVCRLPGTPEAICATYTGCIIIPGATCPGDYAN	C3D;R17L
11	pH6.5_low_salt	TTTCPSIVARSNFNVCRSPGTPEAICATYTGCIIIPGATCPGDYAN	0.03072718421802473	0.4630560118407656	-0.5342826719775362	TTCCPSIVARSNFNVCRLPGTPEAICATYTGCIIIPGATCPGDYAN	C3T;L18S
11	pH6.5_low_salt	TTTCPSIVARSNFNVCRLTGTPEAICATYTGCIIIPGATCPGDYAN	0.6689742773051806	0.5846138823695588	0.2658480344266726	TTCCPSIVARSNFNVCRLPGTPEAICATYTGCIIIPGATCPGDYAN	C3T;P19T
11	pH6.5_low_salt	TTSCPSIVARSNFNVCRLPITPEAICATYTGCIIIPGATCPGDYAN	1.0515694394538837	1.4057634855596903	-0.42344068861981377	TTCCPSIVARSNFNVCRLPGTPEAICATYTGCIIIPGATCPGDYAN	C3S;G20I
11	pH6.5_low_salt	TTICPSIVARSNFNVCRLPGSPEAICATYTGCIIIPGATCPGDYAN	1.1584584713229251	0.8410958008392763	0.6244532874945464	TTCCPSIVARSNFNVCRLPGTPEAICATYTGCIIIPGATCPGDYAN	C3I;T21S
11	pH6.5_low_salt	TTTCPSIVARSNFNVCRLPGTIEAICATYTGCIIIPGATCPGDYAN	1.226594020542094	1.551775247153863	-0.38004144683512625	TTCCPSIVARSNFNVCRLPGTPEAICATYTGCIIIPGATCPGDYAN	C3T;P22I
11	pH6.5_low_salt	TTTCPSIVARSNFNVCRLPGTPIAICATYTGCIIIPGATCPGDYAN	1.5544676036998961	1.8621665388663977	-0.3563338744798157	TTCCPSIVARSNFNVCRLPGTPEAICATYTGCIIIPGATCPGDYAN	C3T;E23I
11	pH6.5_low_salt	TTLCPSIVARSNFNVCRLPGTPETICATYTGCIIIPGATCPGDYAN	0.7472871980635616	0.7038009913470195	0.20113625408576752	TTCCPSIVARSNFNVCRLPGTPEAICATYTGCIIIPGATCPGDYAN	C3L;A24T
12	pH7.0_high_salt	TTLCPSIVARSNFNVCRLPGTPEAGCATYTGCIIIPGATCPGDYAN	0.4585481358686557	0.8133571224095227	-0.4178859001929034	TTCCPSIVARSNFNVCRLPGTPEAICATYTGCIIIPGATCPGDYAN	C3L;I25G
12	pH7.0_high_salt	TTICPSIVARSNFNVCRLPGTPEAIGATYTGCIIIPGATCPGDYAN	0.7412997252093705	0.8831869502797451	-0.08837797081075022	TTCCPSIVARSNFNVCRLPGTPEAICATYTGCIIIPGATCPGDYAN	C3I;C26G
12	pH7.0_high_salt	TTACPSIVARSNFNVCRLPGTPEAICDTYTGCIIIPGATCPGDYAN	0.19110020437936998	0.5168798052527934	-0.36959941704213484	TTCCPSIVARSNFNVCRLPGTPEAICATYTGCIIIPGATCPGDYAN	C3A;A27D
12	pH7.0_high_salt	TTLCPSIVARSNFNVCRLPGTPEAICAGYTGCIIIPGATCPGDYAN	1.0731208616167849	0.7993629693673583	0.5572739298650102	TTCCPSIVARSNFNVCRLPGTPEAICATYTGCIIIPGATCPGDYAN	C3L;T28G
12	pH7.0_high_salt	TTICPSIVARSNFNVCRLPGTPEAICATVTGCIIIPGATCPGDYAN	1.7472680883269969	1.881015866777666	-0.08671536847780914	TTCCPSIVARSNFNVCRLPGTPEAICATYTGCIIIPGATCPGDYAN	C3I;Y29V
12	pH7.0_high_salt	TTGCPSIVARSNFNVCRLPGTPEAICATYVGCIIIPGATCPGDYAN	1.112688442474503	1.3650642203560661	-0.2650573872185862	TTCCPSIVARSNFNVCRLPGTPEAICATYTGCIIIPGATCPGDYAN	C3G;T30V
12	pH7.0_high_salt	TTICPSIVARSNFNVCRLPGTPEAICATYTDCIIIPGATCPGDYAN	0.7180262864419513	0.9575600770868606	-0.24066027376044963	TTCCPSIVARSNFNVCRLPGTPEAICATYTGCIIIPGATCPGDYAN	C3I;G31D
12	pH7.0_high_salt	TTLCPSIVARSNFNVCRLPGTPEAICATYTGVIIIPGATCPGDYAN	1.1575502778981028	1.041813541214636	0.3094945077814304	TTCCPSIVARSNFNVCRLPGTPEAICATYTGCIIIPGATCPGDYAN	C3L;C32V
12	pH7.0_high_salt	TTICPSIVARSNFNVCRLPGTPEAICATYTGCAIIPGATCPGDYAN	0.8064899601955422	0.9184431419378208	-0.04233291528426253	TTCCPSIVARSNFNVCRLPGTPEAICATYTGCIIIPGATCPGDYAN	C3I;I33A
12	pH7.0_high_salt	TTLCPSIVARSNFNVCRLPGTPEAICATYTGCIDIPGATCPGDYAN	0.15458662241878907	0.8117007519654899	-0.8867905199858442	TTCCPSIVARSNFNVCRLPGTPEAICATYTGCIIIPGATCPGDYAN	C3L;I34D
13	pH7.5_low_salt	TTICPSIVARSNFNVCRLPGTPEAICATYTGCIIDPGATCPGDYAN	0.26728445699010894	0.8836459687982449	-0.8243672496414839	TTCCPSIVARSNFNVCRLPGTPEAICATYTGCIIIPGATCPGDYAN	C3I;I35D
13	pH7.5_low_salt	TTDCPSIVARSNFNVCRLPGTPEAICATYTGCIIISGATCPGDYAN	0.3563024526978943	0.6070725611507062	-0.2542388290424541	TTCCPSIVARSNFNVCRLPGTPEAICATYTGCIIIPGATCPGDYAN	C3D;P36S
13	pH7.5_low_salt	TTACPSIVARSNFNVCRLPGTPEAICATYTGCIIIPVATCPGDYAN	1.3620782302754129	1.3004391420646622	0.22273907644238988	TTCCPSIVARSNFNVCRLPGTPEAICATYTGCIIIPGATCPGDYAN	C3A;G37V
13	pH7.5_low_salt	TTTCPSIVARSNFNVCRLPGTPEAICATYTGCIIIPGSTCPGDYAN	0.18703173643199814	0.39147045655864315	-0.18000277962585698	TTCCPSIVARSNFNVCRLPGTPEAICATYTGCIIIPGATCPGDYAN	C3T;A38S
13	pH7.5_low_salt	TTVCPSIVARSNFNVCRLPGTPEAICATYTGCIIIPGAICPGDYAN	1.6775479030071438	1.6917405130456573	0.10081303211676851	TTCCPSIVARSNFNVCRLPGTPEAICATYTGCIIIPGATCPGDYAN	C3V;T39I
13	pH7.5_low_salt	TTSCPSIVARSNFNVCRLPGTPEAICATYTGCIIIPGATAPGDYAN	0.4695275236087543	0.40008055558124417	0.2447423970679633	TTCCPSIVARSNFNVCRLPGTPEAICATYTGCIIIPGATCPGDYAN	C3S;C40A
13	pH7.5_low_salt	TTLCPSIVARSNFNVCRLPGTPEAICATYTGCIIIPGATCGGDYAN	1.2004964136128642	0.9052600659979659	0.5894269203244489	TTCCPSIVARSNFNVCRLPGTPEAICATYTGCIIIPGATCPGDYAN	C3L;P41G
13	pH7.5_low_salt	TTGCPSIVARSNFNVCRLPGTPEAICATYTGCIIIPGATCPADYAN	0.8334500128314091	0.8406875372786355	0.12095182327665549	TTCCPSIVARSNFNVCRLPGTPEAICATYTGCIIIPGATCPGDYAN	C3G;G42A
13	pH7.5_low_salt	TTLCPSIVARSNFNVCRLPGTPEAICATYTGCIIIPGATCPGVYAN	2.0411290675840115	2.0404224383491436	0.12009319231751192	TTCCPSIVARSNFNVCRLPGTPEAICATYTGCIIIPGATCPGDYAN	C3L;D43V
13	pH7.5_low_salt	TTLCPSIVARSNFNVCRLPGTPEAICATYTGCIIIPGATCPGDIAN	1.7496162623642817	1.7011123983545389	0.1979621560131536	TTCCPSIVARSNFNVCRLPGTPEAICATYTGCIIIPGATCPGDYAN	C3L;Y44I
14	pH8.0_high_buffer	TTVCPSIVARSNFNVCRLPGTPEAICATYTGCIIIPGATCPGDYVN	1.3221573252828025	1.2252364261108688	0.278292951898343	TTCCPSIVARSNFNVCRLPGTPEAICATYTGCIIIPGATCPGDYAN	C3V;A45V
14	pH8.0_high_buffer	TTTCPSIVARSNFNVCRLPGTPEAICATYTGCIIIPGATCPGDYAI	1.386210034692007	1.8795133991671984	-0.6444261196345905	TTCCPSIVARSNFNVCRLPGTPEAICATYTGCIIIPGATCPGDYAN	C3T;N46I
14	pH8.0_high_buffer	TTCLVSIVARSNFNVCRLPGTPEAICATYTGCIIIPGATCPGDYAN	1.6951883962815821	1.732920559777883	0.06384704535777808	TTCCPSIVARSNFNVCRLPGTPEAICATYTGCIIIPGATCPGDYAN	C4L;P5V
14	pH8.0_high_buffer	TTCAPTIVARSNFNVCRLPGTPEAICATYTGCIIIPGATCPGDYAN	0.810600268490226	0.4801007553912247	0.6487967812685278	TTCCPSIVARSNFNVCRLPGTPEAICATYTGCIIIPGATCPGDYAN	C4A;S6T
14	pH8.0_high_buffer	TTCLPSDVARSNFNVCRLPGTPEAICATYTGCIIIPGATCPGDYAN	0.15810581533138487	0.7924909924467675	-0.8513232863263192	TTCCPSIVARSNFNVCRLPGTPEAICATYTGCIIIPGATCPGDYAN	C4L;I7D
14	pH8.0_high_buffer	TTCSPSIIARSNFNVCRLPGTPEAICATYTGCIIIPGATCPGDYAN	0.5111018417218476	0.513647625795875	0.13182257667951602	TTCCPSIVARSNFNVCRLPGTPEAICATYTGCIIIPGATCPGDYAN	C4S;V8I
14	pH8.0_high_buffer	TTCAPSIVDRSNFNVCRLPGTPEAICATYTGCIIIPGATCPGDYAN	0.2273639012953356	0.5077644409382313	-0.29910920785461914	TTCCPSIVARSNFNVCRLPGTPEAICATYTGCIIIPGATCPGDYAN	C4A;A9D
14	pH8.0_high_buffer	TTCDPSIVAASNFNVCRLPGTPEAICATYTGCIIIPGATCPGDYAN	1.147545460567798	1.6941102174120155	-0.7250059251814535	TTCCPSIVARSNFNVCRLPGTPEAICATYTGCIIIPGATCPGDYAN	C4D;R10A
14	pH8.0_high_buffer	TTCSPSIVARTNFNVCRLPGTPEAICATYTGCIIIPGATCPGDYAN	0.47682814037697413	0.4540196866806163	0.17180610772704785	TTCCPSIVARSNFNVCRLPGTPEAICATYTGCIIIPGATCPGDYAN	C4S;S11T
14	pH8.0_high_buffer	TTCGPSIVARSSFNVCRLPGTPEAICATYTGCIIIPGATCPGDYAN	0.9441937235824552	0.9756544501540261	0.08189497119246919	TTCCPSIVARSNFNVCRLPGTPEAICATYTGCIIIPGATCPGDYAN	C4G;N12S
15	pH6.0_high_salt	TTCSPSIVARSNINVCRLPGTPEAICATYTGCIIIPGATCPGDYAN	0.7333907277406997	0.6927202713256065	0.19689032435201237	TTCCPSIVARSNFNVCRLPGTPEAICATYTGCIIIPGATCPGDYAN	C4S;F13I
15	pH6.0_high_salt	TTCSPSIVARSNFSVCRLPGTPEAICATYTGCIIIPGATCPGDYAN	0.91005249227584	0.9121494634986832	0.12814049094535535	TTCCPSIVARSNFNVCRLPGTPEAICATYTGCIIIPGATCPGDYAN	C4S;N14S
15	pH6.0_high_salt	TTCSPSIVARSNFNSCRLPGTPEAICATYTGCIIIPGATCPGDYAN	-0.0304297768426303	0.4219108679111574	-0.5648720934640594	TTCCPSIVARSNFNVCRLPGTPEAICATYTGCIIIPGATCPGDYAN	C4S;V15S
15	pH6.0_high_salt	TTCLPSIVARSNFNVSRLPGTPEAICATYTGCIIIPGATCPGDYAN	0.6829442363325939	0.6570011257616167	0.17443833445228518	TTCCPSIVARSNFNVCRLPGTPEAICATYTGCIIIPGATCPGDYAN	C4L;C16S
15	pH6.0_high_salt	TTCIPSIVARSNFNVCGLPGTPEAICATYTGCIIIPGATCPGDYAN	1.797600570636219	1.6706341304487016	0.3200048098960435	TTCCPSIVARSNFNVCRLPGTPEAICATYTGCIIIPGATCPGDYAN	C4I;R17G
15	pH6.0_high_salt	TTCDPSIVARSNFNVCRTPGTPEAICATYTGCIIIPGATCPGDYAN	-0.22166258184272808	0.4706105239442259	-0.9375801268724644	TTCCPSIVARSNFNVCRLPGTPEAICATYTGCIIIPGATCPGDYAN	C4D;L18T
15	pH6.0_high_salt	TTCDPSIVARSNFNVCRLGGTPEAICATYTGCIIIPGATCPGDYAN	0.45973779945283916	0.6996503936322638	-0.23841425223080426	TTCCPSIVARSNFNVCRLPGTPEAICATYTGCIIIPGATCPGDYAN	C4D;P19G
15	pH6.0_high_salt	TTCSPSIVARSNFNVCRLPLTPEAICATYTGCIIIPGATCPGDYAN	0.9672277772078292	1.2366269366059186	-0.29005221270895215	TTCCPSIVARSNFNVCRLPGTPEAICATYTGCIIIPGATCPGDYAN	C4S;G20L
15	pH6.0_high_salt	TTCVPSIVARSNFNVCRLPGSPEAICATYTGCIIIPGATCPGDYAN	1.1152584371188687	0.736990741332743	0.7200703425961493	TTCCPSIVARSNFNVCRLPGTPEAICATYTGCIIIPGATCPGDYAN	C4V;T21S
15	pH6.0_high_salt	TTCVPSIVARSNFNVCRLPGTVEAICATYTGCIIIPGATCPGDYAN	1.793702822950854	1.7517339407579766	0.18726920210398057	TTCCPSIVARSNFNVCRLPGTPEAICATYTGCIIIPGATCPGDYAN	C4V;P22V
16	pH7.2_low_salt	TTCAPSIVARSNFNVCRLPGTPDAICATYTGCIIIPGATCPGDYAN	0.8124605423541451	0.5072639105794843	0.609249596645296	TTCCPSIVARSNFNVCRLPGTPEAICATYTGCIIIPGATCPGDYAN	C4A;E23D
16	pH7.2_low_salt	TTCTPSIVARSNFNVCRLPGTPEDICATYTGCIIIPGATCPGDYAN	-0.13259899011379692	0.5006987899760998	-0.846430696260023	TTCCPSIVARSNFNVCRLPGTPEAICATYTGCIIIPGATCPGDYAN	C4T;A24D
16	pH7.2_low_salt	TTCVPSIVARSNFNVCRLPGTPEATCATYTGCIIIPGATCPGDYAN	0.45893683211343406	0.7875522103398555	-0.37697198069291493	TTCCPSIVARSNFNVCRLPGTPEAICATYTGCIIIPGATCPGDYAN	C4V;I25T
16	pH7.2_low_salt	TTCGPSIVARSNFNVCRLPGTPEAIDATYTGCIIIPGATCPGDYAN	-0.09565144868539226	0.5145668096517717	-0.8107830938158533	TTCCPSIVARSNFNVCRLPGTPEAICATYTGCIIIPGATCPGDYAN	C4G;C26D
16	pH7.2_low_salt	TTCDPSIVARSNFNVCRLPGTPEAICTTYTGCIIIPGATCPGDYAN	-0.1471736190535318	0.4793349553122968	-0.8356648500456174	TTCCPSIVARSNFNVCRLPGTPEAICATYTGCIIIPGATCPGDYAN	C4D;A27T
16	pH7.2_low_salt	TTCAPSIVARSNFNVCRLPGTPEAICADYTGCIIIPGATCPGDYAN	0.5451350897346064	0.46414305939064227	0.26194676159477637	TTCCPSIVARSNFNVCRLPGTPEAICATYTGCIIIPGATCPGDYAN	C4A;T28D
16	pH7.2_low_salt	TTCVPSIVARSNFNVCRLPGTPEAICATGTGCIIIPGATCPGDYAN	1.2489512810601153	1.0082236223814298	0.5037441303109255	TTCCPSIVARSNFNVCRLPGTPEAICATYTGCIIIPGATCPGDYAN	C4V;Y29G
16	pH7.2_low_salt	TTCLPSIVARSNFNVCRLPGTPEAICATYAGCIIIPGATCPGDYAN	1.2783806550049712	1.1828894966738976	0.2765404567914864	TTCCPSIVARSNFNVCRLPGTPEAICATYTGCIIIPGATCPGDYAN	C4L;T30A
16	pH7.2_low_salt	TTCVPSIVARSNFNVCRLPGTPEAICATYTACIIIPGATCPGDYAN	1.261598314310878	1.1668249438582095	0.2756035531438036	TTCCPSIVARSNFNVCRLPGTPEAICATYTGCIIIPGATCPGDYAN	C4V;G31A
16	pH7.2_low_salt	TTCGPSIVARSNFNVCRLPGTPEAICATYTGDIIIPGATCPGDYAN	-0.09060380236275985	0.5020705630030599	-0.7834324629018765	TTCCPSIVARSNFNVCRLPGTPEAICATYTGCIIIPGATCPGDYAN	C4G;C32D
17	pH8.3_high_buffer	TTCDPSIVARSNFNVCRLPGTPEAICATYTGCLIIPGATCPGDYAN	0.19220124361886848	0.45442203272029397	-0.27032349272661693	TTCCPSIVARSNFNVCRLPGTPEAICATYTGCIIIPGATCPGDYAN	C4D;I33L
17	pH8.3_high_buffer	TTCDPSIVARSNFNVCRLPGTPEAICATYTGCILIPGATCPGDYAN	0.1723240922517747	0.4605257120899961	-0.3106909069883157	TTCCPSIVARSNFNVCRLPGTPEAICATYTGCIIIPGATCPGDYAN	C4D;I34L
17	pH8.3_high_buffer	TTCTPSIVARSNFNVCRLPGTPEAICATYTGCIIAPGATCPGDYAN	0.25230414379848665	0.5053743369675145	-0.2566892828140026	TTCCPSIVARSNFNVCRLPGTPEAICATYTGCIIIPGATCPGDYAN	C4T;I35A
17	pH8.3_high_buffer	TTCAPSIVARSNFNVCRLPGTPEAICATYTGCIIISGATCPGDYAN	0.9671689816885298	0.5936475985854589	0.7142829494682116	TTCCPSIVARSNFNVCRLPGTPEAICATYTGCIIIPGATCPGDYAN	C4A;P36S
17	pH8.3_high_buffer	TTCSPSIVARSNFNVCRLPGTPEAICATYTGCIIIPIATCPGDYAN	1.0097539058080771	1.3943643116001585	-0.47049600525286067	TTCCPSIVARSNFNVCRLPGTPEAICATYTGCIIIPGATCPGDYAN	C4S;G37I
17	pH8.3_high_buffer	TTCDPSIVARSNFNVCRLPGTPEAICATYTGCIIIPGLTCPGDYAN	0.4619204928170378	0.9127307689386971	-0.5678907973636647	TTCCPSIVARSNFNVCRLPGTPEAICATYTGCIIIPGATCPGDYAN	C4D;A38L
17	pH8.3_high_buffer	TTCIPSIVARSNFNVCRLPGTPEAICATYTGCIIIPGAICPGDYAN	1.7130865612342272	1.7825949969137929	0.014011286253392763	TTCCPSIVARSNFNVCRLPGTPEAICATYTGCIIIPGATCPGDYAN	C4I;T39I
17	pH8.3_high_buffer	TTCDPSIVARSNFNVCRLPGTPEAICATYTGCIIIPGATIPGDYAN	0.45540204723716043	0.8875762043045463	-0.5387068774603196	TTCCPSIVARSNFNVCRLPGTPEAICATYTGCIIIPGATCPGDYAN	C4D;C40I
17	pH8.3_high_buffer	TTCSPSIVARSNFNVCRLPGTPEAICATYTGCIIIPGATCDGDYAN	0.37778032570770287	0.47255124941376364	-0.010781600244059053	TTCCPSIVARSNFNVCRLPGTPEAICATYTGCIIIPGATCPGDYAN	C4S;P41D
17	pH8.3_high_buffer	TTCIPSIVARSNFNVCRLPGTPEAICATYTGCIIIPGATCPDDYAN	0.7786169148140765	0.9123646806819903	-0.07607295981577106	TTCCPSIVARSNFNVCRLPGTPEAICATYTGCIIIPGATCPGDYAN	C4I;G42D
18	pH6.8_moderate_salt	TTCVPSIVARSNFNVCRLPGTPEAICATYTGCIIIPGATCPGGYAN	1.5249349212030132	1.2990330958621656	0.4775518620444791	TTCCPSIVARSNFNVCRLPGTPEAICATYTGCIIIPGATCPGDYAN	C4V;D43G
18	pH6.8_moderate_salt	TTCTPSIVARSNFNVCRLPGTPEAICATYTGCIIIPGATCPGDAAN	0.8925496535919999	1.027445542669787	-0.07911825134579764	TTCCPSIVARSNFNVCRLPGTPEAICATYTGCIIIPGATCPGDYAN	C4T;Y44A
18	pH6.8_moderate_salt	TTCVPSIVARSNFNVCRLPGTPEAICATYTGCIIIPGATCPGDYVN	1.2815988721622416	1.1610888507401782	0.3155881675846798	TTCCPSIVARSNFNVCRLPGTPEAICATYTGCIIIPGATCPGDYAN	C4V;A45V
18	pH6.8_moderate_salt	TTCAPSIVARSNFNVCRLPGTPEAICATYTGCIIIPGATCPGDYAS	1.1274972330420272	0.9038183667384745	0.4784458531912989	TTCCPSIVARSNFNVCRLPGTPEAICATYTGCIIIPGATCPGDYAN	C4A;N46S
18	pH6.8_moderate_salt	TTCCTIIVARSNFNVCRLPGTPEAICATYTGCIIIPGATCPGDYAN	1.5644522790422397	1.5236402977676895	0.18798068897413833	TTCCPSIVARSNFNVCRLPGTPEAICATYTGCIIIPGATCPGDYAN	P5T;S6I
18	pH6.8_moderate_salt	TTCCSSDVARSNFNVCRLPGTPEAICATYTGCIIIPGATCPGDYAN	0.13922585619575756	0.6020757489145478	-0.5831530275680185	TTCCPSIVARSNFNVCRLPGTPEAICATYTGCIIIPGATCPGDYAN	P5S;I7D
18	pH6.8_moderate_salt	TTCCISIGARSNFNVCRLPGTPEAICATYTGCIIIPGATCPGDYAN	1.065305578832981	1.5772619314244585	-0.6700390573544728	TTCCPSIVARSNFNVCRLPGTPEAICATYTGCIIIPGATCPGDYAN	P5I;V8G
18	pH6.8_moderate_salt	TTCCASIVVRSNFNVCRLPGTPEAICATYTGCIIIPGATCPGDYAN	1.5560919469147239	1.4674222363397498	0.26283321064968224	TTCCPSIVARSNFNVCRLPGTPEAICATYTGCIIIPGATCPGDYAN	P5A;A9V
18	pH6.8_moderate_salt	TTCCSSIVALSNFNVCRLPGTPEAICATYTGCIIIPGATCPGDYAN	2.0388288352748507	2.0583337613347554	0.08854510318758435	TTCCPSIVARSNFNVCRLPGTPEAICATYTGCIIIPGATCPGDYAN	P5S;R10L
18	pH6.8_moderate_salt	TTCCISIVARTNFNVCRLPGTPEAICATYTGCIIIPGATCPGDYAN	1.545078175311047	1.5164496544844517	0.16916122807039558	TTCCPSIVARSNFNVCRLPGTPEAICATYTGCIIIPGATCPGDYAN	P5I;S11T
19	pH7.8_low_salt	TTCCLSIVARSIFNVCRLPGTPEAICATYTGCIIIPGATCPGDYAN	2.4280580561096676	2.8834767062545343	-0.5966913266716136	TTCCPSIVARSNFNVCRLPGTPEAICATYTGCIIIPGATCPGDYAN	P5L;N12I
19	pH7.8_low_salt	TTCCVSIVARSNGNVCRLPGTPEAICATYTGCIIIPGATCPGDYAN	1.299032263291704	1.586973806802195	-0.32266356192612544	TTCCPSIVARSNFNVCRLPGTPEAICATYTGCIIIPGATCPGDYAN	P5V;F13G
19	pH7.8_low_salt	TTCCLSIVARSNFSVCRLPGTPEAICATYTGCIIIPGATCPGDYAN	1.8714233824158308	1.9177420724566638	0.048497393008706036	TTCCPSIVARSNFNVCRLPGTPEAICATYTGCIIIPGATCPGDYAN	P5L;N14S
19	pH7.8_low_salt	TTCCASIVARSNFNLCRLPGTPEAICATYTGCIIIPGATCPGDYAN	1.2516729196045566	1.063286542214639	0.42194960573178897	TTCCPSIVARSNFNVCRLPGTPEAICATYTGCIIIPGATCPGDYAN	P5A;V15L
19	pH7.8_low_salt	TTCCSSIVARSNFNVDRLPGTPEAICATYTGCIIIPGATCPGDYAN	0.3761615797990934	0.6275961842100214	-0.25549505597598665	TTCCPSIVARSNFNVCRLPGTPEAICATYTGCIIIPGATCPGDYAN	P5S;C16D
19	pH7.8_low_salt	TTCCASIVARSNFNVCSLPGTPEAICATYTGCIIIPGATCPGDYAN	1.9205541389798735	1.8025311201522927	0.30468302938282543	TTCCPSIVARSNFNVCRLPGTPEAICATYTGCIIIPGATCPGDYAN	P5A;R17S
19	pH7.8_low_salt	TTCCSSIVARSNFNVCRIPGTPEAICATYTGCIIIPGATCPGDYAN	1.0784265752969442	0.69424542535342	0.7297126747381466	TTCCPSIVARSNFNVCRLPGTPEAICATYTGCIIIPGATCPGDYAN	P5S;L18I
19	pH7.8_low_salt	TTCCTSIVARSNFNVCRLDGTPEAICATYTGCIIIPGATCPGDYAN	0.8269227973406938	0.6088896691262068	0.4729287519107783	TTCCPSIVARSNFNVCRLPGTPEAICATYTGCIIIPGATCPGDYAN	P5T;P19D
19	pH7.8_low_salt	TTCCISIVARSNFNVCRLPITPEAICATYTGCIIIPGATCPGDYAN	2.1268365094040425	2.516277346038892	-0.49031501149956114	TTCCPSIVARSNFNVCRLPGTPEAICATYTGCIIIPGATCPGDYAN	P5I;G20I
19	pH7.8_low_salt	TTCCGSIVARSNFNVCRLPGSPEAICATYTGCIIIPGATCPGDYAN	1.0866138028885437	0.6886020687185805	0.751228088406076	TTCCPSIVARSNFNVCRLPGTPEAICATYTGCIIIPGATCPGDYAN	P5G;T21S
20	pH6.3_high_salt	TTCCASIVARSNFNVCRLPGTGEAICATYTGCIIIPGATCPGDYAN	1.536041089272344	1.307878263149285	0.48096184963182564	TTCCPSIVARSNFNVCRLPGTPEAICATYTGCIIIPGATCPGDYAN	P5A;P22G
20	pH6.3_high_salt	TTCCLSIVARSNFNVCRLPGTPAAICATYTGCIIIPGATCPGDYAN	2.3073630213432974	2.3952387821106256	-0.02121032596081407	TTCCPSIVARSNFNVCRLPGTPEAICATYTGCIIIPGATCPGDYAN	P5L;E23A
20	pH6.3_high_salt	TTCCLSIVARSNFNVCRLPGTPEDICATYTGCIIIPGATCPGDYAN	0.9642814887348025	1.4769039822053847	-0.6699697326267691	TTCCPSIVARSNFNVCRLPGTPEAICATYTGCIIIPGATCPGDYAN	P5L;A24D
20	pH6.3_high_salt	TTCCDSIVARSNFNVCRLPGTPEADCATYTGCIIIPGATCPGDYAN	-0.10078161356425311	0.5044690713714988	-0.8029666642988214	TTCCPSIVARSNFNVCRLPGTPEAICATYTGCIIIPGATCPGDYAN	P5D;I25D
20	pH6.3_high_salt	TTCCLSIVARSNFNVCRLPGTPEAILATYTGCIIIPGATCPGDYAN	1.6582772775524008	1.6644272675267358	0.11358848615027728	TTCCPSIVARSNFNVCRLPGTPEAICATYTGCIIIPGATCPGDYAN	P5L;C26L
20	pH6.3_high_salt	TTCCSSIVARSNFNVCRLPGTPEAICLTYTGCIIIPGATCPGDYAN	1.218805603546054	0.9643232171105118	0.525562201692626	TTCCPSIVARSNFNVCRLPGTPEAICATYTGCIIIPGATCPGDYAN	P5S;A27L
20	pH6.3_high_salt	TTCCTSIVARSNFNVCRLPGTPEAICASYTGCIIIPGATCPGDYAN	1.04736770497317	0.5433178890249527	0.9173060391132161	TTCCPSIVARSNFNVCRLPGTPEAICATYTGCIIIPGATCPGDYAN	P5T;T28S
20	pH6.3_high_salt	TTCCTSIVARSNFNVCRLPGTPEAICATGTGCIIIPGATCPGDYAN	1.2141793220729449	0.8041948321214872	0.7685297194472	TTCCPSIVARSNFNVCRLPGTPEAICATYTGCIIIPGATCPGDYAN	P5T;Y29G
20	pH6.3_high_salt	TTCCISIVARSNFNVCRLPGTPEAICATYVGCIIIPGATCPGDYAN	2.180512367925573	2.4147336858777	-0.2484294866594463	TTCCPSIVARSNFNVCRLPGTPEAICATYTGCIIIPGATCPGDYAN	P5I;T30V
20	pH6.3_high_salt	TTCCSSIVARSNFNVCRLPGTPEAICATYTDCIIIPGATCPGDYAN	0.7164578667514314	0.6257551492583557	0.27523396272878575	TTCCPSIVARSNFNVCRLPGTPEAICATYTGCIIIPGATCPGDYAN	P5S;G31D
21	pH6.5_low_salt	TTCCVSIVARSNFNVCRLPGTPEAICATYTGVIIIPGATCPGDYAN	1.7867743681698496	1.7932366850164114	0.11168881311143919	TTCCPSIVARSNFNVCRLPGTPEAICATYTGCIIIPGATCPGDYAN	P5V;C32V
21	pH6.5_low_salt	TTCCVSIVARSNFNVCRLPGTPEAICATYTGCTIIPGATCPGDYAN	1.027635472151466	1.4953943644105494	-0.6005823821574287	TTCCPSIVARSNFNVCRLPGTPEAICATYTGCIIIPGATCPGDYAN	P5V;I33T
21	pH6.5_low_salt	TTCCLSIVARSNFNVCRLPGTPEAICATYTGCIAIPGATCPGDYAN	1.2873836414094806	1.4981875312783386	-0.20203545209918283	TTCCPSIVARSNFNVCRLPGTPEAICATYTGCIIIPGATCPGDYAN	P5L;I34A
21	pH6.5_low_salt	TTCCASIVARSNFNVCRLPGTPEAICATYTGCIIVPGATCPGDYAN	1.370899319145317	1.0683397434866084	0.5989946728183648	TTCCPSIVARSNFNVCRLPGTPEAICATYTGCIIIPGATCPGDYAN	P5A;I35V
21	pH6.5_low_salt	TTCCSSIVARSNFNVCRLPGTPEAICATYTGCIIITGATCPGDYAN	1.1388536396352356	0.7211273241582927	0.7814511554857142	TTCCPSIVARSNFNVCRLPGTPEAICATYTGCIIIPGATCPGDYAN	P5S;P36T
21	pH6.5_low_salt	TTCCTSIVARSNFNVCRLPGTPEAICATYTGCIIIPVATCPGDYAN	1.5402679751324404	1.4724914373938987	0.23036891950806304	TTCCPSIVARSNFNVCRLPGTPEAICATYTGCIIIPGATCPGDYAN	P5T;G37V
21	pH6.5_low_salt	TTCCLSIVARSNFNVCRLPGTPEAICATYTGCIIIPGITCPGDYAN	1.8018349656327393	1.9630884684624679	-0.13028278890683032	TTCCPSIVARSNFNVCRLPGTPEAICATYTGCIIIPGATCPGDYAN	P5L;A38I
21	pH6.5_low_salt	TTCCISIVARSNFNVCRLPGTPEAICATYTGCIIIPGAGCPGDYAN	1.6992082543530218	1.6521613209236952	0.19624004388131278	TTCCPSIVARSNFNVCRLPGTPEAICATYTGCIIIPGATCPGDYAN	P5I;T39G
21	pH6.5_low_salt	TTCCSSIVARSNFNVCRLPGTPEAICATYTGCIIIPGATVPGDYAN	1.2485609007337464	0.9082529131933751	0.6593072400701432	TTCCPSIVARSNFNVCRLPGTPEAICATYTGCIIIPGATCPGDYAN	P5S;C40V
21	pH6.5_low_salt	TTCCGSIVARSNFNVCRLPGTPEAICATYTGCIIIPGATCDGDYAN	0.9679476346798419	0.7104426122406198	0.5330401241327235	TTCCPSIVARSNFNVCRLPGTPEAICATYTGCIIIPGATCPGDYAN	P5G;P41D
22	pH7.0_high_salt	TTCCASIVARSNFNVCRLPGTPEAICATYTGCIIIPGATCPADYAN	1.5482196140636892	1.4999389950082684	0.19982612248187537	TTCCPSIVARSNFNVCRLPGTPEAICATYTGCIIIPGATCPGDYAN	P5A;G42A
22	pH7.0_high_salt	TTCCISIVARSNFNVCRLPGTPEAICATYTGCIIIPGATCPGSYAN	1.9700659129018807	2.0963570764319823	-0.07751489962613722	TTCCPSIVARSNFNVCRLPGTPEAICATYTGCIIIPGATCPGDYAN	P5I;D43S
22	pH7.0_high_salt	TTCCVSIVARSNFNVCRLPGTPEAICATYTGCIIIPGATCPGDVAN	2.2148272123785415	2.5236833494886195	-0.3653968379686412	TTCCPSIVARSNFNVCRLPGTPEAICATYTGCIIIPGATCPGDYAN	P5V;Y44V
22	pH7.0_high_salt	TTCCTSIVARSNFNVCRLPGTPEAICATYTGCIIIPGATCPGDYGN	0.717272149369461	0.6052501759805886	0.3085287656404665	TTCCPSIVARSNFNVCRLPGTPEAICATYTGCIIIPGATCPGDYAN	P5T;A45G
22	pH7.0_high_salt	TTCCTSIVARSNFNVCRLPGTPEAICATYTGCIIIPGATCPGDYAT	1.279210646472296	1.1013258246702076	0.4052421110443385	TTCCPSIVARSNFNVCRLPGTPEAICATYTGCIIIPGATCPGDYAN	P5T;N46T
22	pH7.0_high_salt	TTCCPIAVARSNFNVCRLPGTPEAICATYTGCIIIPGATCPGDYAN	1.1957656579087836	1.5316710260180746	-0.3964553954897613	TTCCPSIVARSNFNVCRLPGTPEAICATYTGCIIIPGATCPGDYAN	S6I;I7A
22	pH7.0_high_salt	TTCCPAISARSNFNVCRLPGTPEAICATYTGCIIIPGATCPGDYAN	0.6499499013375019	0.9251521864929899	-0.2956316586346202	TTCCPSIVARSNFNVCRLPGTPEAICATYTGCIIIPGATCPGDYAN	S6A;V8S
22	pH7.0_high_salt	TTCCPVIVVRSNFNVCRLPGTPEAICATYTGCIIIPGATCPGDYAN	1.7132325219485063	1.8330772530406234	-0.06462286302876419	TTCCPSIVARSNFNVCRLPGTPEAICATYTGCIIIPGATCPGDYAN	S6V;A9V
22	pH7.0_high_salt	TTCCPVIVASSNFNVCRLPGTPEAICATYTGCIIIPGATCPGDYAN	2.0590050127133726	2.1415470407912087	-0.010149604120937461	TTCCPSIVARSNFNVCRLPGTPEAICATYTGCIIIPGATCPGDYAN	S6V;R10S
22	pH7.0_high_salt	TTCCPGIVARGNFNVCRLPGTPEAICATYTGCIIIPGATCPGDYAN	0.9897799769045517	0.6249752388819944	0.7004178712321089	TTCCPSIVARSNFNVCRLPGTPEAICATYTGCIIIPGATCPGDYAN	S6G;S11G
23	pH7.5_low_salt	TTCCPAIVARSAFNVCRLPGTPEAICATYTGCIIIPGATCPGDYAN	1.8854556725920615	1.8338585406286563	0.20130184406335616	TTCCPSIVARSNFNVCRLPGTPEAICATYTGCIIIPGATCPGDYAN	S6A;N12A
23	pH7.5_low_salt	TTCCPVIVARSNANVCRLPGTPEAICATYTGCIIIPGATCPGDYAN	1.426901439244279	1.388010821524295	0.18649048759363995	TTCCPSIVARSNFNVCRLPGTPEAICATYTGCIIIPGATCPGDYAN	S6V;F13A
23	pH7.5_low_salt	TTCCPAIVARSNFDVCRLPGTPEAICATYTGCIIIPGATCPGDYAN	1.3212586517574243	0.9157668930319458	0.7603349654434214	TTCCPSIVARSNFNVCRLPGTPEAICATYTGCIIIPGATCPGDYAN	S6A;N14D
23	pH7.5_low_salt	TTCCPGIVARSNFNICRLPGTPEAICATYTGCIIIPGATCPGDYAN	0.9806136349085487	0.5621570259570631	0.7843305324021246	TTCCPSIVARSNFNVCRLPGTPEAICATYTGCIIIPGATCPGDYAN	S6G;V15I
23	pH7.5_low_salt	TTCCPLIVARSNFNVVRLPGTPEAICATYTGCIIIPGATCPGDYAN	1.5784316245715315	1.5839132006263994	0.11550989422772273	TTCCPSIVARSNFNVCRLPGTPEAICATYTGCIIIPGATCPGDYAN	S6L;C16V
23	pH7.5_low_salt	TTCCPGIVARSNFNVCALPGTPEAICATYTGCIIIPGATCPGDYAN	1.9131033687118946	1.7074832046250819	0.44160425105893897	TTCCPSIVARSNFNVCRLPGTPEAICATYTGCIIIPGATCPGDYAN	S6G;R17A
23	pH7.5_low_salt	TTCCPAIVARSNFNVCRGPGTPEAICATYTGCIIIPGATCPGDYAN	0.8273591235030493	0.9381274747868145	-0.040711324991816566	TTCCPSIVARSNFNVCRLPGTPEAICATYTGCIIIPGATCPGDYAN	S6A;L18G
23	pH7.5_low_salt	TTCCPDIVARSNFNVCRLAGTPEAICATYTGCIIIPGATCPGDYAN	1.0883570768374837	1.1068384372733375	0.10058671534033047	TTCCPSIVARSNFNVCRLPGTPEAICATYTGCIIIPGATCPGDYAN	S6D;P19A
23	pH7.5_low_salt	TTCCPLIVARSNFNVCRLPATPEAICATYTGCIIIPGATCPGDYAN	1.6857395597322455	1.697802906828403	0.10404924740834742	TTCCPSIVARSNFNVCRLPGTPEAICATYTGCIIIPGATCPGDYAN	S6L;G20A
23	pH7.5_low_salt	TTCCPAIVARSNFNVCRLPGIPEAICATYTGCIIIPGATCPGDYAN	1.847905798224768	1.827984550495999	0.15223210262019982	TTCCPSIVARSNFNVCRLPGTPEAICATYTGCIIIPGATCPGDYAN	S6A;T21I
24	pH8.0_high_buffer	TTCCPAIVARSNFNVCRLPGTGEAICATYTGCIIIPGATCPGDYAN	1.3556463115371356	1.1430359058009616	0.45864869190497626	TTCCPSIVARSNFNVCRLPGTPEAICATYTGCIIIPGATCPGDYAN	S6A;P22G
24	pH8.0_high_buffer	TTCCPGIVARSNFNVCRLPGTPDAICATYTGCIIIPGATCPGDYAN	0.9847336583421307	0.6117030224846133	0.7133233517538538	TTCCPSIVARSNFNVCRLPGTPEAICATYTGCIIIPGATCPGDYAN	S6G;E23D
24	pH8.0_high_buffer	TTCCPDIVARSNFNVCRLPGTPEVICATYTGCIIIPGATCPGDYAN	0.8590753594214235	0.9610775207408276	-0.027365733621437127	TTCCPSIVARSNFNVCRLPGTPEAICATYTGCIIIPGATCPGDYAN	S6D;A24V
24	pH8.0_high_buffer	TTCCPDIVARSNFNVCRLPGTPEADCATYTGCIIIPGATCPGDYAN	-0.22724893330837745	0.58250535155969	-1.1210412785077755	TTCCPSIVARSNFNVCRLPGTPEAICATYTGCIIIPGATCPGDYAN	S6D;I25D
24	pH8.0_high_buffer	TTCCPAIVARSNFNVCRLPGTPEAISATYTGCIIIPGATCPGDYAN	0.8295170873483763	0.8968435148520499	0.02712750970584954	TTCCPSIVARSNFNVCRLPGTPEAICATYTGCIIIPGATCPGDYAN	S6A;C26S
24	pH8.0_high_buffer	TTCCPGIVARSNFNVCRLPGTPEAICVTYTGCIIIPGATCPGDYAN	1.1776702438883682	0.9776150996961683	0.4409909541919178	TTCCPSIVARSNFNVCRLPGTPEAICATYTGCIIIPGATCPGDYAN	S6G;A27V
24	pH8.0_high_buffer	TTCCPDIVARSNFNVCRLPGTPEAICASYTGCIIIPGATCPGDYAN	0.6422359051098986	0.5088796637588018	0.34268037509406246	TTCCPSIVARSNFNVCRLPGTPEAICATYTGCIIIPGATCPGDYAN	S6D;T28S
24	pH8.0_high_buffer	TTCCPAIVARSNFNVCRLPGTPEAICATDTGCIIIPGATCPGDYAN	1.0541019125574043	0.9920934680761452	0.2266997422678732	TTCCPSIVARSNFNVCRLPGTPEAICATYTGCIIIPGATCPGDYAN	S6A;Y29D
24	pH8.0_high_buffer	TTCCPIIVARSNFNVCRLPGTPEAICATYSGCIIIPGATCPGDYAN	1.4801519618005055	1.4489837032453048	0.17384199646189313	TTCCPSIVARSNFNVCRLPGTPEAICATYTGCIIIPGATCPGDYAN	S6I;T30S
24	pH8.0_high_buffer	TTCCPTIVARSNFNVCRLPGTPEAICATYTACIIIPGATCPGDYAN	1.0895480959977986	0.8842151909522027	0.4502037585713991	TTCCPSIVARSNFNVCRLPGTPEAICATYTGCIIIPGATCPGDYAN	S6T;G31A
25	pH6.0_high_salt	TTCCPTIVARSNFNVCRLPGTPEAICATYTGVIIIPGATCPGDYAN	1.0932475824264791	0.7389906870509234	0.6828038421350231	TTCCPSIVARSNFNVCRLPGTPEAICATYTGCIIIPGATCPGDYAN	S6T;C32V
25	pH6.0_high_salt	TTCCPAIVARSNFNVCRLPGTPEAICATYTGCSIIPGATCPGDYAN	0.6390282894927519	0.9072064546875755	-0.2845389775519475	TTCCPSIVARSNFNVCRLPGTPEAICATYTGCIIIPGATCPGDYAN	S6A;I33S
25	pH6.0_high_salt	TTCCPLIVARSNFNVCRLPGTPEAICATYTGCILIPGATCPGDYAN	1.3251295935718865	1.24304653551887	0.2550814505528035	TTCCPSIVARSNFNVCRLPGTPEAICATYTGCIIIPGATCPGDYAN	S6L;I34L
25	pH6.0_high_salt	TTCCPLIVARSNFNVCRLPGTPEAICATYTGCIITPGATCPGDYAN	0.8060436818862449	1.3180711686897169	-0.6673017173426985	TTCCPSIVARSNFNVCRLPGTPEAICATYTGCIIIPGATCPGDYAN	S6L;I35T
25	pH6.0_high_salt	TTCCPLIVARSNFNVCRLPGTPEAICATYTGCIIIGGATCPGDYAN	1.6158624929127616	1.5169307549017867	0.27820728821362406	TTCCPSIVARSNFNVCRLPGTPEAICATYTGCIIIPGATCPGDYAN	S6L;P36G
25	pH6.0_high_salt	TTCCPTIVARSNFNVCRLPGTPEAICATYTGCIIIPTATCPGDYAN	0.8215521330275595	0.4704204292091019	0.6809069096721254	TTCCPSIVARSNFNVCRLPGTPEAICATYTGCIIIPGATCPGDYAN	S6T;G37T
25	pH6.0_high_salt	TTCCPIIVARSNFNVCRLPGTPEAICATYTGCIIIPGITCPGDYAN	1.7527870841674236	1.96076140877677	-0.202728563945208	TTCCPSIVARSNFNVCRLPGTPEAICATYTGCIIIPGATCPGDYAN	S6I;A38I
25	pH6.0_high_salt	TTCCPTIVARSNFNVCRLPGTPEAICATYTGCIIIPGALCPGDYAN	1.4324993644502322	1.262828344444031	0.3907268148031726	TTCCPSIVARSNFNVCRLPGTPEAICATYTGCIIIPGATCPGDYAN	S6T;T39L
25	pH6.0_high_salt	TTCCPAIVARSNFNVCRLPGTPEAICATYTGCIIIPGATTPGDYAN	0.8605549482451712	0.8218326923558718	0.19244982497198238	TTCCPSIVARSNFNVCRLPGTPEAICATYTGCIIIPGATCPGDYAN	S6A;C40T
25	pH6.0_high_salt	TTCCPGIVARSNFNVCRLPGTPEAICATYTGCIIIPGATCIGDYAN	1.7077594459836873	1.6133066480266098	0.2702008839356531	TTCCPSIVARSNFNVCRLPGTPEAICATYTGCIIIPGATCPGDYAN	S6G;P41I
26	pH7.2_low_salt	TTCCPGIVARSNFNVCRLPGTPEAICATYTGCIIIPGATCPDDYAN	0.6097414473086461	0.6131802596247875	0.12934380303177606	TTCCPSIVARSNFNVCRLPGTPEAICATYTGCIIIPGATCPGDYAN	S6G;G42D
26	pH7.2_low_salt	TTCCPDIVARSNFNVCRLPGTPEAICATYTGCIIIPGATCPGAYAN	1.1841493612393286	1.4428413927064765	-0.27570941306304725	TTCCPSIVARSNFNVCRLPGTPEAICATYTGCIIIPGATCPGDYAN	S6D;D43A
26	pH7.2_low_salt	TTCCPLIVARSNFNVCRLPGTPEAICATYTGCIIIPGATCPGDLAN	1.972293364603015	2.2385947729129785	-0.29625554655115494	TTCCPSIVARSNFNVCRLPGTPEAICATYTGCIIIPGATCPGDYAN	S6L;Y44L
26	pH7.2_low_salt	TTCCPGIVARSNFNVCRLPGTPEAICATYTGCIIIPGATCPGDYIN	1.165713564051864	1.0808202329257368	0.261222976039484	TTCCPSIVARSNFNVCRLPGTPEAICATYTGCIIIPGATCPGDYAN	S6G;A45I
26	pH7.2_low_salt	TTCCPGIVARSNFNVCRLPGTPEAICATYTGCIIIPGATCPGDYAI	1.847814299966417	1.9703992884852013	-0.07038216471862513	TTCCPSIVARSNFNVCRLPGTPEAICATYTGCIIIPGATCPGDYAN	S6G;N46I
26	pH7.2_low_salt	TTCCPSGDARSNFNVCRLPGTPEAICATYTGCIIIPGATCPGDYAN	-0.4552803634620942	0.5904733783610736	-1.4872010932966118	TTCCPSIVARSNFNVCRLPGTPEAICATYTGCIIIPGATCPGDYAN	I7G;V8D
26	pH7.2_low_salt	TTCCPSVVGRSNFNVCRLPGTPEAICATYTGCIIIPGATCPGDYAN	0.5900842235666719	0.4627709861911209	0.33381331299472417	TTCCPSIVARSNFNVCRLPGTPEAICATYTGCIIIPGATCPGDYAN	I7V;A9G
26	pH7.2_low_salt	TTCCPSTVAVSNFNVCRLPGTPEAICATYTGCIIIPGATCPGDYAN	1.4209711853203717	2.0670356770375853	-0.8834429237058911	TTCCPSIVARSNFNVCRLPGTPEAICATYTGCIIIPGATCPGDYAN	I7T;R10V
26	pH7.2_low_salt	TTCCPSAVARINFNVCRLPGTPEAICATYTGCIIIPGATCPGDYAN	1.1998748904401	1.5078449723230656	-0.35286160099435804	TTCCPSIVARSNFNVCRLPGTPEAICATYTGCIIIPGATCPGDYAN	I7A;S11I
26	pH7.2_low_salt	TTCCPSSVARSAFNVCRLPGTPEAICATYTGCIIIPGATCPGDYAN	0.9335921810161005	1.4724995676474875	-0.7106933450659639	TTCCPSIVARSNFNVCRLPGTPEAICATYTGCIIIPGATCPGDYAN	I7S;N12A
27	pH8.3_high_buffer	TTCCPSSVARSNANVCRLPGTPEAICATYTGCIIIPGATCPGDYAN	0.27375174393789065	0.5648340636365285	-0.3163053418180156	TTCCPSIVARSNFNVCRLPGTPEAICATYTGCIIIPGATCPGDYAN	I7S;F13A
27	pH8.3_high_buffer	TTCCPSVVARSNFTVCRLPGTPEAICATYTGCIIIPGATCPGDYAN	1.2547579658670645	0.9320876131663615	0.6316866273134524	TTCCPSIVARSNFNVCRLPGTPEAICATYTGCIIIPGATCPGDYAN	I7V;N14T
27	pH8.3_high_buffer	TTCCPSSVARSNFNGCRLPGTPEAICATYTGCIIIPGATCPGDYAN	-0.14134177074052462	0.5534606628552561	-0.9424137710296456	TTCCPSIVARSNFNVCRLPGTPEAICATYTGCIIIPGATCPGDYAN	I7S;V15G
27	pH8.3_high_buffer	TTCCPSDVARSNFNVARLPGTPEAICATYTGCIIIPGATCPGDYAN	-0.020928042208921447	0.5326409417533352	-0.7231097375652731	TTCCPSIVARSNFNVCRLPGTPEAICATYTGCIIIPGATCPGDYAN	I7D;C16A
27	pH8.3_high_buffer	TTCCPSDVARSNFNVCALPGTPEAICATYTGCIIIPGATCPGDYAN	0.9974833192304514	1.7305051775144962	-1.014630076809495	TTCCPSIVARSNFNVCRLPGTPEAICATYTGCIIIPGATCPGDYAN	I7D;R17A
27	pH8.3_high_buffer	TTCCPSVVARSNFNVCRTPGTPEAICATYTGCIIIPGATCPGDYAN	0.41048677858825655	0.46338203250105753	0.054274889541028326	TTCCPSIVARSNFNVCRLPGTPEAICATYTGCIIIPGATCPGDYAN	I7V;L18T
27	pH8.3_high_buffer	TTCCPSDVARSNFNVCRLTGTPEAICATYTGCIIIPGATCPGDYAN	0.17484707579313322	0.6628460088700353	-0.6228308156243874	TTCCPSIVARSNFNVCRLPGTPEAICATYTGCIIIPGATCPGDYAN	I7D;P19T
27	pH8.3_high_buffer	TTCCPSTVARSNFNVCRLPDTPEAICATYTGCIIIPGATCPGDYAN	-0.02124424567444412	0.5546638211925302	-0.7580031294988785	TTCCPSIVARSNFNVCRLPGTPEAICATYTGCIIIPGATCPGDYAN	I7T;G20D
27	pH8.3_high_buffer	TTCCPSTVARSNFNVCRLPGGPEAICATYTGCIIIPGATCPGDYAN	0.4141220604100867	0.5787938895878247	-0.12037616539991636	TTCCPSIVARSNFNVCRLPGTPEAICATYTGCIIIPGATCPGDYAN	I7T;T21G
27	pH8.3_high_buffer	TTCCPSLVARSNFNVCRLPGTIEAICATYTGCIIIPGATCPGDYAN	1.5207415502211374	1.5449302934880258	0.08692043384732717	TTCCPSIVARSNFNVCRLPGTPEAICATYTGCIIIPGATCPGDYAN	I7L;P22I
28	pH6.8_moderate_salt	TTCCPSAVARSNFNVCRLPGTPVAICATYTGCIIIPGATCPGDYAN	1.5727349696961452	1.8187070201096818	-0.2601082873196835	TTCCPSIVARSNFNVCRLPGTPEAICATYTGCIIIPGATCPGDYAN	I7A;E23V
28	pH6.8_moderate_salt	TTCCPSDVARSNFNVCRLPGTPETICATYTGCIIIPGATCPGDYAN	-0.3405947126792798	0.4813048121585069	-1.138768584319417	TTCCPSIVARSNFNVCRLPGTPEAICATYTGCIIIPGATCPGDYAN	I7D;A24T
28	pH6.8_moderate_salt	TTCCPSLVARSNFNVCRLPGTPEAACATYTGCIIIPGATCPGDYAN	0.5053042300732903	0.42156358764905366	0.26667810386501556	TTCCPSIVARSNFNVCRLPGTPEAICATYTGCIIIPGATCPGDYAN	I7L;I25A
28	pH6.8_moderate_salt	TTCCPSSVARSNFNVCRLPGTPEAIVATYTGCIIIPGATCPGDYAN	0.44899442912857085	0.7510226641937741	-0.3353297972115872	TTCCPSIVARSNFNVCRLPGTPEAICATYTGCIIIPGATCPGDYAN	I7S;C26V
28	pH6.8_moderate_salt	TTCCPSAVARSNFNVCRLPGTPEAICITYTGCIIIPGATCPGDYAN	0.8331242652550956	1.0145423537879312	-0.15113973397248087	TTCCPSIVARSNFNVCRLPGTPEAICATYTGCIIIPGATCPGDYAN	I7A;A27I
28	pH6.8_moderate_salt	TTCCPSLVARSNFNVCRLPGTPEAICAIYTGCIIIPGATCPGDYAN	1.3607201505292823	1.3296984931496219	0.17492515924386792	TTCCPSIVARSNFNVCRLPGTPEAICATYTGCIIIPGATCPGDYAN	I7L;T28I
28	pH6.8_moderate_salt	TTCCPSTVARSNFNVCRLPGTPEAICATGTGCIIIPGATCPGDYAN	0.4610482905656553	0.6954597169568645	-0.2298350336849282	TTCCPSIVARSNFNVCRLPGTPEAICATYTGCIIIPGATCPGDYAN	I7T;Y29G
28	pH6.8_moderate_salt	TTCCPSGVARSNFNVCRLPGTPEAICATYIGCIIIPGATCPGDYAN	0.9164543714913114	1.4532212390454649	-0.7071612559687365	TTCCPSIVARSNFNVCRLPGTPEAICATYTGCIIIPGATCPGDYAN	I7G;T30I
28	pH6.8_moderate_salt	TTCCPSLVARSNFNVCRLPGTPEAICATYTDCIIIPGATCPGDYAN	0.4249383281424534	0.4414060031244592	0.11102123966846689	TTCCPSIVARSNFNVCRLPGTPEAICATYTGCIIIPGATCPGDYAN	I7L;G31D
28	pH6.8_moderate_salt	TTCCPSLVARSNFNVCRLPGTPEAICATYTGGIIIPGATCPGDYAN	0.45775070502896015	0.415735694662648	0.20201911664008554	TTCCPSIVARSNFNVCRLPGTPEAICATYTGCIIIPGATCPGDYAN	I7L;C32G
29	pH7.8_low_salt	TTCCPSDVARSNFNVCRLPGTPEAICATYTGCDIIPGATCPGDYAN	-0.8021360235510977	0.5711736228938862	-1.9950797707840333	TTCCPSIVARSNFNVCRLPGTPEAICATYTGCIIIPGATCPGDYAN	I7D;I33D
29	pH7.8_low_salt	TTCCPSTVARSNFNVCRLPGTPEAICATYTGCILIPGATCPGDYAN	0.23335409894829443	0.41715908034398197	-0.14827884204133457	TTCCPSIVARSNFNVCRLPGTPEAICATYTGCIIIPGATCPGDYAN	I7T;I34L
29	pH7.8_low_salt	TTCCPSTVARSNFNVCRLPGTPEAICATYTGCIILPGATCPGDYAN	0.24261971177329592	0.43528780556395513	-0.1622261001082923	TTCCPSIVARSNFNVCRLPGTPEAICATYTGCIIIPGATCPGDYAN	I7T;I35L
29	pH7.8_low_salt	TTCCPSGVARSNFNVCRLPGTPEAICATYTGCIIILGATCPGDYAN	1.0031079009109378	1.5200082626053826	-0.6770789576445875	TTCCPSIVARSNFNVCRLPGTPEAICATYTGCIIIPGATCPGDYAN	I7G;P36L
29	pH7.8_low_salt	TTCCPSLVARSNFNVCRLPGTPEAICATYTGCIIIPAATCPGDYAN	1.0475971802111328	0.7885169278950425	0.5346257655140815	TTCCPSIVARSNFNVCRLPGTPEAICATYTGCIIIPGATCPGDYAN	I7L;G37A
29	pH7.8_low_salt	TTCCPSDVARSNFNVCRLPGTPEAICATYTGCIIIPGLTCPGDYAN	0.22812381859753283	0.9165777822797215	-0.9365557955941349	TTCCPSIVARSNFNVCRLPGTPEAICATYTGCIIIPGATCPGDYAN	I7D;A38L
29	pH7.8_low_salt	TTCCPSAVARSNFNVCRLPGTPEAICATYTGCIIIPGAGCPGDYAN	0.6972094910278039	0.5990728170699537	0.28705835207315333	TTCCPSIVARSNFNVCRLPGTPEAICATYTGCIIIPGATCPGDYAN	I7A;T39G
29	pH7.8_low_salt	TTCCPSVVARSNFNVCRLPGTPEAICATYTGCIIIPGATDPGDYAN	0.210412473992724	0.49684366631683974	-0.3083437140527119	TTCCPSIVARSNFNVCRLPGTPEAICATYTGCIIIPGATCPGDYAN	I7V;C40D
29	pH7.8_low_salt	TTCCPSGVARSNFNVCRLPGTPEAICATYTGCIIIPGATCVGDYAN	1.0641723503699267	1.5705636232773554	-0.6613331505299465	TTCCPSIVARSNFNVCRLPGTPEAICATYTGCIIIPGATCPGDYAN	I7G;P41V
29	pH7.8_low_salt	TTCCPSTVARSNFNVCRLPGTPEAICATYTGCIIIPGATCPLDYAN	0.7106001285308451	1.3128112797726	-0.8071329739688117	TTCCPSIVARSNFNVCRLPGTPEAICATYTGCIIIPGATCPGDYAN	I7T;G42L
30	pH6.3_high_salt	TTCCPSVVARSNFNVCRLPGTPEAICATYTGCIIIPGATCPGTYAN	1.3001055405547315	0.8993740359050734	0.7531311680137123	TTCCPSIVARSNFNVCRLPGTPEAICATYTGCIIIPGATCPGDYAN	I7V;D43T
30	pH6.3_high_salt	TTCCPSTVARSNFNVCRLPGTPEAICATYTGCIIIPGATCPGDGAN	0.5049369953876972	0.7021467887464657	-0.17220292003990234	TTCCPSIVARSNFNVCRLPGTPEAICATYTGCIIIPGATCPGDYAN	I7T;Y44G
30	pH6.3_high_salt	TTCCPSDVARSNFNVCRLPGTPEAICATYTGCIIIPGATCPGDYTN	-0.22339059949173992	0.509638952774073	-1.0012285828536314	TTCCPSIVARSNFNVCRLPGTPEAICATYTGCIIIPGATCPGDYAN	I7D;A45T
30	pH6.3_high_salt	TTCCPSSVARSNFNVCRLPGTPEAICATYTGCIIIPGATCPGDYAI	1.2830260323544689	1.9076184571243346	-0.8483848839876058	TTCCPSIVARSNFNVCRLPGTPEAICATYTGCIIIPGATCPGDYAN	I7S;N46I
30	pH6.3_high_salt	TTCCPSITDRSNFNVCRLPGTPEAICATYTGCIIIPGATCPGDYAN	-0.23735847436810106	0.44799227029378663	-0.9265939536243357	TTCCPSIVARSNFNVCRLPGTPEAICATYTGCIIIPGATCPGDYAN	V8T;A9D
30	pH6.3_high_salt	TTCCPSISAVSNFNVCRLPGTPEAICATYTGCIIIPGATCPGDYAN	1.535978784553207	2.0458725906484836	-0.6719882609156538	TTCCPSIVARSNFNVCRLPGTPEAICATYTGCIIIPGATCPGDYAN	V8S;R10V
30	pH6.3_high_salt	TTCCPSISARANFNVCRLPGTPEAICATYTGCIIIPGATCPGDYAN	0.699858481736916	0.8745438977670481	-0.13915816331148445	TTCCPSIVARSNFNVCRLPGTPEAICATYTGCIIIPGATCPGDYAN	V8S;S11A
30	pH6.3_high_salt	TTCCPSILARSLFNVCRLPGTPEAICATYTGCIIIPGATCPGDYAN	1.7265533708100065	1.7558216076359263	0.07672431715745565	TTCCPSIVARSNFNVCRLPGTPEAICATYTGCIIIPGATCPGDYAN	V8L;N12L
30	pH6.3_high_salt	TTCCPSITARSNVNVCRLPGTPEAICATYTGCIIIPGATCPGDYAN	0.5292779633925084	0.6830523527587051	-0.10461799070129685	TTCCPSIVARSNFNVCRLPGTPEAICATYTGCIIIPGATCPGDYAN	V8T;F13V
30	pH6.3_high_salt	TTCCPSISARSNFGVCRLPGTPEAICATYTGCIIIPGATCPGDYAN	0.8012490218818843	1.0309263492161136	-0.22617741060451774	TTCCPSIVARSNFNVCRLPGTPEAICATYTGCIIIPGATCPGDYAN	V8S;N14G
31	pH6.5_low_salt	TTCCPSIGARSNFNSCRLPGTPEAICATYTGCIIIPGATCPGDYAN	-0.12141794173757094	0.5194860576925803	-0.8584355508201937	TTCCPSIVARSNFNVCRLPGTPEAICATYTGCIIIPGATCPGDYAN	V8G;V15S
31	pH6.5_low_salt	TTCCPSITARSNFNVLRLPGTPEAICATYTGCIIIPGATCPGDYAN	0.46115282365704824	0.7050374663850714	-0.24463471094272782	TTCCPSIVARSNFNVCRLPGTPEAICATYTGCIIIPGATCPGDYAN	V8T;C16L
31	pH6.5_low_salt	TTCCPSILARSNFNVCVLPGTPEAICATYTGCIIIPGATCPGDYAN	2.028811570564791	2.0326214499721313	0.11317308513470237	TTCCPSIVARSNFNVCRLPGTPEAICATYTGCIIIPGATCPGDYAN	V8L;R17V
31	pH6.5_low_salt	TTCCPSIAARSNFNVCRVPGTPEAICATYTGCIIIPGATCPGDYAN	0.7524307075134326	0.5536804264908606	0.44362459705753	TTCCPSIVARSNFNVCRLPGTPEAICATYTGCIIIPGATCPGDYAN	V8A;L18V
31	pH6.5_low_salt	TTCCPSISARSNFNVCRLDGTPEAICATYTGCIIIPGATCPGDYAN	0.23481303038202686	0.5021740071426348	-0.27882137414268016	TTCCPSIVARSNFNVCRLPGTPEAICATYTGCIIIPGATCPGDYAN	V8S;P19D
31	pH6.5_low_salt	TTCCPSIGARSNFNVCRLPTTPEAICATYTGCIIIPGATCPGDYAN	0.3307693185849771	0.5375721365432223	-0.18527505893807206	TTCCPSIVARSNFNVCRLPGTPEAICATYTGCIIIPGATCPGDYAN	V8G;G20T
31	pH6.5_low_salt	TTCCPSITARSNFNVCRLPGDPEAICATYTGCIIIPGATCPGDYAN	0.12211435897201776	0.4547132480664308	-0.37949419317087574	TTCCPSIVARSNFNVCRLPGTPEAICATYTGCIIIPGATCPGDYAN	V8T;T21D
31	pH6.5_low_salt	TTCCPSIAARSNFNVCRLPGTTEAICATYTGCIIIPGATCPGDYAN	0.8010844930673382	0.6138384509191784	0.4251187684332337	TTCCPSIVARSNFNVCRLPGTPEAICATYTGCIIIPGATCPGDYAN	V8A;P22T
31	pH6.5_low_salt	TTCCPSIGARSNFNVCRLPGTPAAICATYTGCIIIPGATCPGDYAN	1.215793513307749	1.4854791787181123	-0.29323072156233687	TTCCPSIVARSNFNVCRLPGTPEAICATYTGCIIIPGATCPGDYAN	V8G;E23A
31	pH6.5_low_salt	TTCCPSITARSNFNVCRLPGTPELICATYTGCIIIPGATCPGDYAN	0.5347249928781767	0.8417638598944429	-0.3440990318720212	TTCCPSIVARSNFNVCRLPGTPEAICATYTGCIIIPGATCPGDYAN	V8T;A24L
32	pH7.0_high_salt	TTCCPSIAARSNFNVCRLPGTPEASCATYTGCIIIPGATCPGDYAN	0.028553943572083382	0.5384583898198695	-0.6554430879937667	TTCCPSIVARSNFNVCRLPGTPEAICATYTGCIIIPGATCPGDYAN	V8A;I25S
32	pH7.0_high_salt	TTCCPSISARSNFNVCRLPGTPEAISATYTGCIIIPGATCPGDYAN	-0.06525115229524583	0.46857177754720253	-0.691776586407838	TTCCPSIVARSNFNVCRLPGTPEAICATYTGCIIIPGATCPGDYAN	V8S;C26S
32	pH7.0_high_salt	TTCCPSIIARSNFNVCRLPGTPEAICITYTGCIIIPGATCPGDYAN	1.1380694111842637	1.0688704086787624	0.23700989470229472	TTCCPSIVARSNFNVCRLPGTPEAICATYTGCIIIPGATCPGDYAN	V8I;A27I
32	pH7.0_high_salt	TTCCPSISARSNFNVCRLPGTPEAICAGYTGCIIIPGATCPGDYAN	0.37438657151137766	0.6007271104847594	-0.21627500865000315	TTCCPSIVARSNFNVCRLPGTPEAICATYTGCIIIPGATCPGDYAN	V8S;T28G
32	pH7.0_high_salt	TTCCPSITARSNFNVCRLPGTPEAICATDTGCIIIPGATCPGDYAN	0.14864210007049816	0.5740463600378919	-0.5247610087362959	TTCCPSIVARSNFNVCRLPGTPEAICATYTGCIIIPGATCPGDYAN	V8T;Y29D
32	pH7.0_high_salt	TTCCPSIAARSNFNVCRLPGTPEAICATYDGCIIIPGATCPGDYAN	0.3720888106337648	0.5250487566229716	-0.10161870502709935	TTCCPSIVARSNFNVCRLPGTPEAICATYTGCIIIPGATCPGDYAN	V8A;T30D
32	pH7.0_high_salt	TTCCPSILARSNFNVCRLPGTPEAICATYTTCIIIPGATCPGDYAN	0.7033990252290507	0.5062452788849701	0.4416692817780645	TTCCPSIVARSNFNVCRLPGTPEAICATYTGCIIIPGATCPGDYAN	V8L;G31T
32	pH7.0_high_salt	TTCCPSILARSNFNVCRLPGTPEAICATYTGLIIIPGATCPGDYAN	0.9184157200549088	0.7228106033576166	0.4368877509994599	TTCCPSIVARSNFNVCRLPGTPEAICATYTGCIIIPGATCPGDYAN	V8L;C32L
32	pH7.0_high_salt	TTCCPSIAARSNFNVCRLPGTPEAICATYTGCVIIPGATCPGDYAN	0.5821994487065588	0.48971648447367816	0.2794900367167167	TTCCPSIVARSNFNVCRLPGTPEAICATYTGCIIIPGATCPGDYAN	V8A;I33V
32	pH7.0_high_salt	TTCCPSIDARSNFNVCRLPGTPEAICATYTGCIDIPGATCPGDYAN	-0.8050275784442301	0.5916204531503008	-2.0315059218948437	TTCCPSIVARSNFNVCRLPGTPEAICATYTGCIIIPGATCPGDYAN	V8D;I34D
33	pH7.5_low_salt	TTCCPSIIARSNFNVCRLPGTPEAICATYTGCIIGPGATCPGDYAN	0.439702393529881	0.5717574505654667	-0.06970511437906035	TTCCPSIVARSNFNVCRLPGTPEAICATYTGCIIIPGATCPGDYAN	V8I;I35G
33	pH7.5_low_salt	TTCCPSIGARSNFNVCRLPGTPEAICATYTGCIIISGATCPGDYAN	0.5444302065060376	0.6230500597985796	0.01261774768302748	TTCCPSIVARSNFNVCRLPGTPEAICATYTGCIIIPGATCPGDYAN	V8G;P36S
33	pH7.5_low_salt	TTCCPSISARSNFNVCRLPGTPEAICATYTGCIIIPIATCPGDYAN	0.8514811099957981	1.3839785252177879	-0.6997779072503492	TTCCPSIVARSNFNVCRLPGTPEAICATYTGCIIIPGATCPGDYAN	V8S;G37I
33	pH7.5_low_salt	TTCCPSIGARSNFNVCRLPGTPEAICATYTGCIIIPGITCPGDYAN	0.684726428327307	1.01998031813198	-0.38982300022318883	TTCCPSIVARSNFNVCRLPGTPEAICATYTGCIIIPGATCPGDYAN	V8G;A38I
33	pH7.5_low_salt	TTCCPSIDARSNFNVCRLPGTPEAICATYTGCIIIPGAICPGDYAN	0.6646187781460606	1.4086976068644352	-1.0282455372973318	TTCCPSIVARSNFNVCRLPGTPEAICATYTGCIIIPGATCPGDYAN	V8D;T39I
33	pH7.5_low_salt	TTCCPSILARSNFNVCRLPGTPEAICATYTGCIIIPGATTPGDYAN	0.4468699440739861	0.4048078840654824	0.2022121598424127	TTCCPSIVARSNFNVCRLPGTPEAICATYTGCIIIPGATCPGDYAN	V8L;C40T
33	pH7.5_low_salt	TTCCPSIDARSNFNVCRLPGTPEAICATYTGCIIIPGATCSGDYAN	0.18020107490603496	0.6125479560413009	-0.5359531158042925	TTCCPSIVARSNFNVCRLPGTPEAICATYTGCIIIPGATCPGDYAN	V8D;P41S
33	pH7.5_low_salt	TTCCPSILARSNFNVCRLPGTPEAICATYTGCIIIPGATCPVDYAN	1.3350037942423054	1.2846332291466807	0.20543348158083288	TTCCPSIVARSNFNVCRLPGTPEAICATYTGCIIIPGATCPGDYAN	V8L;G42V
33	pH7.5_low_salt	TTCCPSIGARSNFNVCRLPGTPEAICATYTGCIIIPGATCPGIYAN	1.4372884044989453	1.914728250832564	-0.6202062072417567	TTCCPSIVARSNFNVCRLPGTPEAICATYTGCIIIPGATCPGDYAN	V8G;D43I
33	pH7.5_low_salt	TTCCPSIIARSNFNVCRLPGTPEAICATYTGCIIIPGATCPGDSAN	1.0439112048660892	0.6258181531106136	0.7830671651375359	TTCCPSIVARSNFNVCRLPGTPEAICATYTGCIIIPGATCPGDYAN	V8I;Y44S
34	pH8.0_high_buffer	TTCCPSITARSNFNVCRLPGTPEAICATYTGCIIIPGATCPGDYDN	-0.261752544299729	0.5136333729067947	-1.0669738518847383	TTCCPSIVARSNFNVCRLPGTPEAICATYTGCIIIPGATCPGDYAN	V8T;A45D
34	pH8.0_high_buffer	TTCCPSIIARSNFNVCRLPGTPEAICATYTGCIIIPGATCPGDYAV	1.7801932825071183	1.8712291821164841	-0.02035500295249615	TTCCPSIVARSNFNVCRLPGTPEAICATYTGCIIIPGATCPGDYAN	V8I;N46V
34	pH8.0_high_buffer	TTCCPSIVGASNFNVCRLPGTPEAICATYTGCIIIPGATCPGDYAN	1.5755679862694394	1.694245487073866	-0.06128698668296828	TTCCPSIVARSNFNVCRLPGTPEAICATYTGCIIIPGATCPGDYAN	A9G;R10A
34	pH8.0_high_buffer	TTCCPSIVIRLNFNVCRLPGTPEAICATYTGCIIIPGATCPGDYAN	1.6802116105903657	1.850311113736337	-0.14276526286815905	TTCCPSIVARSNFNVCRLPGTPEAICATYTGCIIIPGATCPGDYAN	A9I;S11L
34	pH8.0_high_buffer	TTCCPSIVGRSSFNVCRLPGTPEAICATYTGCIIIPGATCPGDYAN	0.9748042105422188	0.9531051314415486	0.16460193496804362	TTCCPSIVARSNFNVCRLPGTPEAICATYTGCIIIPGATCPGDYAN	A9G;N12S
34	pH8.0_high_buffer	TTCCPSIVSRSNINVCRLPGTPEAICATYTGCIIIPGATCPGDYAN	0.7787274096746666	0.7406482312117824	0.19234426921971448	TTCCPSIVARSNFNVCRLPGTPEAICATYTGCIIIPGATCPGDYAN	A9S;F13I
34	pH8.0_high_buffer	TTCCPSIVDRSNFGVCRLPGTPEAICATYTGCIIIPGATCPGDYAN	0.7209786955405761	1.1414167043774086	-0.5232911639278677	TTCCPSIVARSNFNVCRLPGTPEAICATYTGCIIIPGATCPGDYAN	A9D;N14G
34	pH8.0_high_buffer	TTCCPSIVLRSNFNLCRLPGTPEAICATYTGCIIIPGATCPGDYAN	1.0010143307125656	0.8754327264252032	0.3265934405096753	TTCCPSIVARSNFNVCRLPGTPEAICATYTGCIIIPGATCPGDYAN	A9L;V15L
34	pH8.0_high_buffer	TTCCPSIVLRSNFNVSRLPGTPEAICATYTGCIIIPGATCPGDYAN	0.6489747486162321	0.8770323032725735	-0.22197408339483904	TTCCPSIVARSNFNVCRLPGTPEAICATYTGCIIIPGATCPGDYAN	A9L;C16S
34	pH8.0_high_buffer	TTCCPSIVLRSNFNVCALPGTPEAICATYTGCIIIPGATCPGDYAN	1.9944864700901739	2.0862281673612806	-0.02381195970083194	TTCCPSIVARSNFNVCRLPGTPEAICATYTGCIIIPGATCPGDYAN	A9L;R17A
35	pH6.0_high_salt	TTCCPSIVGRSNFNVCRTPGTPEAICATYTGCIIIPGATCPGDYAN	0.15407250308194492	0.44701604849339943	-0.3178979511353959	TTCCPSIVARSNFNVCRLPGTPEAICATYTGCIIIPGATCPGDYAN	A9G;L18T
35	pH6.0_high_salt	TTCCPSIVIRSNFNVCRLTGTPEAICATYTGCIIIPGATCPGDYAN	1.322932697953613	1.08954490123885	0.49146538846223636	TTCCPSIVARSNFNVCRLPGTPEAICATYTGCIIIPGATCPGDYAN	A9I;P19T
35	pH6.0_high_salt	TTCCPSIVDRSNFNVCRLPLTPEAICATYTGCIIIPGATCPGDYAN	0.7718992313722072	1.3075140719772818	-0.7037734236479659	TTCCPSIVARSNFNVCRLPGTPEAICATYTGCIIIPGATCPGDYAN	A9D;G20L
35	pH6.0_high_salt	TTCCPSIVSRSNFNVCRLPGAPEAICATYTGCIIIPGATCPGDYAN	0.9484445692373862	0.8572478158437562	0.2734569235367691	TTCCPSIVARSNFNVCRLPGTPEAICATYTGCIIIPGATCPGDYAN	A9S;T21A
35	pH6.0_high_salt	TTCCPSIVIRSNFNVCRLPGTSEAICATYTGCIIIPGATCPGDYAN	1.3047767268569006	1.1148935592099427	0.4237043661799884	TTCCPSIVARSNFNVCRLPGTPEAICATYTGCIIIPGATCPGDYAN	A9I;P22S
35	pH6.0_high_salt	TTCCPSIVTRSNFNVCRLPGTPGAICATYTGCIIIPGATCPGDYAN	1.1095871479815518	1.020102191678394	0.2690124065250349	TTCCPSIVARSNFNVCRLPGTPEAICATYTGCIIIPGATCPGDYAN	A9T;E23G
35	pH6.0_high_salt	TTCCPSIVIRSNFNVCRLPGTPETICATYTGCIIIPGATCPGDYAN	0.8546248135615124	0.9499608446477273	-0.016903380460356054	TTCCPSIVARSNFNVCRLPGTPEAICATYTGCIIIPGATCPGDYAN	A9I;A24T
35	pH6.0_high_salt	TTCCPSIVSRSNFNVCRLPGTPEATCATYTGCIIIPGATCPGDYAN	-0.0015860871247238163	0.39663418177136706	-0.48064516919423816	TTCCPSIVARSNFNVCRLPGTPEAICATYTGCIIIPGATCPGDYAN	A9S;I25T
35	pH6.0_high_salt	TTCCPSIVLRSNFNVCRLPGTPEAILATYTGCIIIPGATCPGDYAN	1.243802215890185	1.0727576061013984	0.3949457401700879	TTCCPSIVARSNFNVCRLPGTPEAICATYTGCIIIPGATCPGDYAN	A9L;C26L
35	pH6.0_high_salt	TTCCPSIVSRSNFNVCRLPGTPEAICTTYTGCIIIPGATCPGDYAN	0.3028729922140344	0.4037672217523084	-0.019524093327373482	TTCCPSIVARSNFNVCRLPGTPEAICATYTGCIIIPGATCPGDYAN	A9S;A27T
36	pH7.2_low_salt	TTCCPSIVGRSNFNVCRLPGTPEAICAVYTGCIIIPGATCPGDYAN	1.162519321387664	1.3401600483842273	-0.14885795281219172	TTCCPSIVARSNFNVCRLPGTPEAICATYTGCIIIPGATCPGDYAN	A9G;T28V
36	pH7.2_low_salt	TTCCPSIVIRSNFNVCRLPGTPEAICATVTGCIIIPGATCPGDYAN	1.8063809647905749	1.981704504958914	-0.15231216041243645	TTCCPSIVARSNFNVCRLPGTPEAICATYTGCIIIPGATCPGDYAN	A9I;Y29V
36	pH7.2_low_salt	TTCCPSIVTRSNFNVCRLPGTPEAICATYLGCIIIPGATCPGDYAN	1.0370236560275958	1.294058520923323	-0.2715042375569763	TTCCPSIVARSNFNVCRLPGTPEAICATYTGCIIIPGATCPGDYAN	A9T;T30L
36	pH7.2_low_salt	TTCCPSIVIRSNFNVCRLPGTPEAICATYTACIIIPGATCPGDYAN	1.385652814632594	1.3933555914581306	0.11415808327983124	TTCCPSIVARSNFNVCRLPGTPEAICATYTGCIIIPGATCPGDYAN	A9I;G31A
36	pH7.2_low_salt	TTCCPSIVIRSNFNVCRLPGTPEAICATYTGIIIIPGATCPGDYAN	1.340899234101013	1.3710875940161782	0.07952406208866108	TTCCPSIVARSNFNVCRLPGTPEAICATYTGCIIIPGATCPGDYAN	A9I;C32I
36	pH7.2_low_salt	TTCCPSIVDRSNFNVCRLPGTPEAICATYTGCVIIPGATCPGDYAN	0.25109872551115786	0.4923101477278156	-0.2381509303283409	TTCCPSIVARSNFNVCRLPGTPEAICATYTGCIIIPGATCPGDYAN	A9D;I33V
36	pH7.2_low_salt	TTCCPSIVTRSNFNVCRLPGTPEAICATYTGCIVIPGATCPGDYAN	0.538097411435758	0.43297281685480593	0.2997226254868104	TTCCPSIVARSNFNVCRLPGTPEAICATYTGCIIIPGATCPGDYAN	A9T;I34V
36	pH7.2_low_salt	TTCCPSIVSRSNFNVCRLPGTPEAICATYTGCIITPGATCPGDYAN	-0.033126995479011184	0.42851751008160094	-0.579376430662669	TTCCPSIVARSNFNVCRLPGTPEAICATYTGCIIIPGATCPGDYAN	A9S;I35T
36	pH7.2_low_salt	TTCCPSIVTRSNFNVCRLPGTPEAICATYTGCIIIGGATCPGDYAN	0.7018459131735395	0.6911302337429823	0.15044322393492093	TTCCPSIVARSNFNVCRLPGTPEAICATYTGCIIIPGATCPGDYAN	A9T;P36G
36	pH7.2_low_salt	TTCCPSIVIRSNFNVCRLPGTPEAICATYTGCIIIPAATCPGDYAN	1.3541707193610606	1.3829193561004516	0.0816273057947427	TTCCPSIVARSNFNVCRLPGTPEAICATYTGCIIIPGATCPGDYAN	A9I;G37A
37	pH8.3_high_buffer	TTCCPSIVTRSNFNVCRLPGTPEAICATYTGCIIIPGSTCPGDYAN	0.26850421575773203	0.4299879061013173	-0.1137959572260685	TTCCPSIVARSNFNVCRLPGTPEAICATYTGCIIIPGATCPGDYAN	A9T;A38S
37	pH8.3_high_buffer	TTCCPSIVSRSNFNVCRLPGTPEAICATYTGCIIIPGAICPGDYAN	1.1890761035803457	1.381524202910488	-0.17228097616189952	TTCCPSIVARSNFNVCRLPGTPEAICATYTGCIIIPGATCPGDYAN	A9S;T39I
37	pH8.3_high_buffer	TTCCPSIVGRSNFNVCRLPGTPEAICATYTGCIIIPGATLPGDYAN	0.7949134663162958	0.7377345864258585	0.22200292146763767	TTCCPSIVARSNFNVCRLPGTPEAICATYTGCIIIPGATCPGDYAN	A9G;C40L
37	pH8.3_high_buffer	TTCCPSIVDRSNFNVCRLPGTPEAICATYTGCIIIPGATCAGDYAN	0.7712357170632093	1.1428352801479764	-0.44755063974305503	TTCCPSIVARSNFNVCRLPGTPEAICATYTGCIIIPGATCPGDYAN	A9D;P41A
37	pH8.3_high_buffer	TTCCPSIVLRSNFNVCRLPGTPEAICATYTGCIIIPGATCPLDYAN	1.4842294397518316	1.7073363606306273	-0.22341726701195053	TTCCPSIVARSNFNVCRLPGTPEAICATYTGCIIIPGATCPGDYAN	A9L;G42L
37	pH8.3_high_buffer	TTCCPSIVIRSNFNVCRLPGTPEAICATYTGCIIIPGATCPGAYAN	1.91934901634487	1.969959005908733	0.04126721492144303	TTCCPSIVARSNFNVCRLPGTPEAICATYTGCIIIPGATCPGDYAN	A9I;D43A
37	pH8.3_high_buffer	TTCCPSIVSRSNFNVCRLPGTPEAICATYTGCIIIPGATCPGDSAN	0.7032609726865864	0.5957053521547455	0.3017056171615228	TTCCPSIVARSNFNVCRLPGTPEAICATYTGCIIIPGATCPGDYAN	A9S;Y44S
37	pH8.3_high_buffer	TTCCPSIVIRSNFNVCRLPGTPEAICATYTGCIIIPGATCPGDYDN	0.5987065203053908	1.0328618348933405	-0.543376190346159	TTCCPSIVARSNFNVCRLPGTPEAICATYTGCIIIPGATCPGDYAN	A9I;A45D
37	pH8.3_high_buffer	TTCCPSIVDRSNFNVCRLPGTPEAICATYTGCIIIPGATCPGDYAG	0.718264616708644	1.0962905683117083	-0.457007600933326	TTCCPSIVARSNFNVCRLPGTPEAICATYTGCIIIPGATCPGDYAN	A9D;N46G
37	pH8.3_high_buffer	TTCCPSIVALVNFNVCRLPGTPEAICATYTGCIIIPGATCPGDYAN	2.592580081982905	2.862461116008944	-0.3086624116327994	TTCCPSIVARSNFNVCRLPGTPEAICATYTGCIIIPGATCPGDYAN	R10L;S11V
38	pH6.8_moderate_salt	TTCCPSIVATSDFNVCRLPGTPEAICATYTGCIIIPGATCPGDYAN	1.5486832597085767	1.1859794704341762	0.690995320912818	TTCCPSIVARSNFNVCRLPGTPEAICATYTGCIIIPGATCPGDYAN	R10T;N12D
38	pH6.8_moderate_salt	TTCCPSIVAGSNDNVCRLPGTPEAICATYTGCIIIPGATCPGDYAN	0.8832537559478348	1.341533579069402	-0.5841884155953012	TTCCPSIVARSNFNVCRLPGTPEAICATYTGCIIIPGATCPGDYAN	R10G;F13D
38	pH6.8_moderate_salt	TTCCPSIVATSNFVVCRLPGTPEAICATYTGCIIIPGATCPGDYAN	2.375213512062412	2.515150402011681	-0.10328277108575534	TTCCPSIVARSNFNVCRLPGTPEAICATYTGCIIIPGATCPGDYAN	R10T;N14V
38	pH6.8_moderate_salt	TTCCPSIVAASNFNICRLPGTPEAICATYTGCIIIPGATCPGDYAN	1.799623997306165	1.6800066098778983	0.308502299661069	TTCCPSIVARSNFNVCRLPGTPEAICATYTGCIIIPGATCPGDYAN	R10A;V15I
38	pH6.8_moderate_salt	TTCCPSIVAISNFNVIRLPGTPEAICATYTGCIIIPGATCPGDYAN	2.230857100791194	2.42133623026914	-0.18065101425435226	TTCCPSIVARSNFNVCRLPGTPEAICATYTGCIIIPGATCPGDYAN	R10I;C16I
38	pH6.8_moderate_salt	TTCCPSIVAASNFNVCILPGTPEAICATYTGCIIIPGATCPGDYAN	2.9439903720646354	3.248064687175793	-0.3659381221214333	TTCCPSIVARSNFNVCRLPGTPEAICATYTGCIIIPGATCPGDYAN	R10A;R17I
38	pH6.8_moderate_salt	TTCCPSIVAVSNFNVCRDPGTPEAICATYTGCIIIPGATCPGDYAN	1.2533858309269368	2.0642852380400565	-1.1390975812560156	TTCCPSIVARSNFNVCRLPGTPEAICATYTGCIIIPGATCPGDYAN	R10V;L18D
38	pH6.8_moderate_salt	TTCCPSIVATSNFNVCRLVGTPEAICATYTGCIIIPGATCPGDYAN	2.123336076756726	2.16880326973052	0.047059836519791176	TTCCPSIVARSNFNVCRLPGTPEAICATYTGCIIIPGATCPGDYAN	R10T;P19V
38	pH6.8_moderate_salt	TTCCPSIVAGSNFNVCRLPDTPEAICATYTGCIIIPGATCPGDYAN	1.187910998006114	1.338929497479945	-0.10754917141759522	TTCCPSIVARSNFNVCRLPGTPEAICATYTGCIIIPGATCPGDYAN	R10G;G20D
38	pH6.8_moderate_salt	TTCCPSIVADSNFNVCRLPGSPEAICATYTGCIIIPGATCPGDYAN	1.2029155810875922	0.6857527013467359	0.9360815586434585	TTCCPSIVARSNFNVCRLPGTPEAICATYTGCIIIPGATCPGDYAN	R10D;T21S
39	pH7.8_low_salt	TTCCPSIVAISNFNVCRLPGTSEAICATYTGCIIIPGATCPGDYAN	2.1814734806506544	2.195895575054276	0.0949180085439012	TTCCPSIVARSNFNVCRLPGTPEAICATYTGCIIIPGATCPGDYAN	R10I;P22S
39	pH7.8_low_salt	TTCCPSIVAVSNFNVCRLPGTPGAICATYTGCIIIPGATCPGDYAN	2.416214002094765	2.676117168973726	-0.2911378445025532	TTCCPSIVARSNFNVCRLPGTPEAICATYTGCIIIPGATCPGDYAN	R10V;E23G
39	pH7.8_low_salt	TTCCPSIVAGSNFNVCRLPGTPESICATYTGCIIIPGATCPGDYAN	1.2380171333167802	1.249567529927526	0.10976959240636056	TTCCPSIVARSNFNVCRLPGTPEAICATYTGCIIIPGATCPGDYAN	R10G;A24S
39	pH7.8_low_salt	TTCCPSIVAISNFNVCRLPGTPEAGCATYTGCIIIPGATCPGDYAN	1.5892527171286488	2.1618282136072384	-0.7704914028811195	TTCCPSIVARSNFNVCRLPGTPEAICATYTGCIIIPGATCPGDYAN	R10I;I25G
39	pH7.8_low_salt	TTCCPSIVAGSNFNVCRLPGTPEAIIATYTGCIIIPGATCPGDYAN	1.7878906032824105	1.6993348596416198	0.2601084494592396	TTCCPSIVARSNFNVCRLPGTPEAICATYTGCIIIPGATCPGDYAN	R10G;C26I
39	pH7.8_low_salt	TTCCPSIVAASNFNVCRLPGTPEAICVTYTGCIIIPGATCPGDYAN	2.082051528772889	2.121238748390469	0.05732364528544465	TTCCPSIVARSNFNVCRLPGTPEAICATYTGCIIIPGATCPGDYAN	R10A;A27V
39	pH7.8_low_salt	TTCCPSIVADSNFNVCRLPGTPEAICAVYTGCIIIPGATCPGDYAN	1.8287683795901772	1.6076507899397459	0.4667400353105592	TTCCPSIVARSNFNVCRLPGTPEAICATYTGCIIIPGATCPGDYAN	R10D;T28V
39	pH7.8_low_salt	TTCCPSIVAISNFNVCRLPGTPEAICATSTGCIIIPGATCPGDYAN	2.1860214983312583	2.2218526927525075	0.06142394158065101	TTCCPSIVARSNFNVCRLPGTPEAICATYTGCIIIPGATCPGDYAN	R10I;Y29S
39	pH7.8_low_salt	TTCCPSIVALSNFNVCRLPGTPEAICATYDGCIIIPGATCPGDYAN	1.7421691632335907	1.975374245958721	-0.24202598613655857	TTCCPSIVARSNFNVCRLPGTPEAICATYTGCIIIPGATCPGDYAN	R10L;T30D
39	pH7.8_low_salt	TTCCPSIVADSNFNVCRLPGTPEAICATYTLCIIIPGATCPGDYAN	1.683057395212719	1.5433999576635715	0.3410884406444712	TTCCPSIVARSNFNVCRLPGTPEAICATYTGCIIIPGATCPGDYAN	R10D;G31L
40	pH6.3_high_salt	TTCCPSIVAGSNFNVCRLPGTPEAICATYTGLIIIPGATCPGDYAN	1.7224607548234636	1.5147094817361437	0.44702790504703316	TTCCPSIVARSNFNVCRLPGTPEAICATYTGCIIIPGATCPGDYAN	R10G;C32L
40	pH6.3_high_salt	TTCCPSIVATSNFNVCRLPGTPEAICATYTGCTIIPGATCPGDYAN	0.9370367635736073	1.1773545070391673	-0.24429114810388947	TTCCPSIVARSNFNVCRLPGTPEAICATYTGCIIIPGATCPGDYAN	R10T;I33T
40	pH6.3_high_salt	TTCCPSIVASSNFNVCRLPGTPEAICATYTGCISIPGATCPGDYAN	0.9473533127624021	1.2149952846378496	-0.2870888756135009	TTCCPSIVARSNFNVCRLPGTPEAICATYTGCIIIPGATCPGDYAN	R10S;I34S
40	pH6.3_high_salt	TTCCPSIVASSNFNVCRLPGTPEAICATYTGCIIGPGATCPGDYAN	1.0212249425723685	1.2604218223026225	-0.24346515721425876	TTCCPSIVARSNFNVCRLPGTPEAICATYTGCIIIPGATCPGDYAN	R10S;I35G
40	pH6.3_high_salt	TTCCPSIVAVSNFNVCRLPGTPEAICATYTGCIIITGATCPGDYAN	2.218439721026087	2.138299862487471	0.242231261899728	TTCCPSIVARSNFNVCRLPGTPEAICATYTGCIIIPGATCPGDYAN	R10V;P36T
40	pH6.3_high_salt	TTCCPSIVATSNFNVCRLPGTPEAICATYTGCIIIPDATCPGDYAN	1.1659444017749305	1.2158569595056232	0.050634219307936205	TTCCPSIVARSNFNVCRLPGTPEAICATYTGCIIIPGATCPGDYAN	R10T;G37D
40	pH6.3_high_salt	TTCCPSIVADSNFNVCRLPGTPEAICATYTGCIIIPGVTCPGDYAN	1.493004842661624	1.1748975877872578	0.6219408372706531	TTCCPSIVARSNFNVCRLPGTPEAICATYTGCIIIPGATCPGDYAN	R10D;A38V
40	pH6.3_high_salt	TTCCPSIVAVSNFNVCRLPGTPEAICATYTGCIIIPGAGCPGDYAN	2.1511742824351607	2.0868203334950075	0.21831042952542812	TTCCPSIVARSNFNVCRLPGTPEAICATYTGCIIIPGATCPGDYAN	R10V;T39G
40	pH6.3_high_salt	TTCCPSIVATSNFNVCRLPGTPEAICATYTGCIIIPGATSPGDYAN	1.1119387709697561	1.1198356154276687	0.11686216660627757	TTCCPSIVARSNFNVCRLPGTPEAICATYTGCIIIPGATCPGDYAN	R10T;C40S
40	pH6.3_high_salt	TTCCPSIVALSNFNVCRLPGTPEAICATYTGCIIIPGATCLGDYAN	2.64863263418019	2.917899296280535	-0.3083185130610189	TTCCPSIVARSNFNVCRLPGTPEAICATYTGCIIIPGATCPGDYAN	R10L;P41L
41	pH6.5_low_salt	TTCCPSIVAVSNFNVCRLPGTPEAICATYTGCIIIPGATCPLDYAN	2.500935279171257	2.906665570032454	-0.5198716390164262	TTCCPSIVARSNFNVCRLPGTPEAICATYTGCIIIPGATCPGDYAN	R10V;G42L
41	pH6.5_low_salt	TTCCPSIVASSNFNVCRLPGTPEAICATYTGCIIIPGATCPGTYAN	1.7874869371406457	1.6860571383545304	0.2802240134307784	TTCCPSIVARSNFNVCRLPGTPEAICATYTGCIIIPGATCPGDYAN	R10S;D43T
41	pH6.5_low_salt	TTCCPSIVATSNFNVCRLPGTPEAICATYTGCIIIPGATCPGDAAN	1.9526097525461472	1.8383823194579443	0.29840158858674193	TTCCPSIVARSNFNVCRLPGTPEAICATYTGCIIIPGATCPGDYAN	R10T;Y44A
41	pH6.5_low_salt	TTCCPSIVATSNFNVCRLPGTPEAICATYTGCIIIPGATCPGDYDN	0.9332620067887588	1.233620526228119	-0.338042018007549	TTCCPSIVARSNFNVCRLPGTPEAICATYTGCIIIPGATCPGDYAN	R10T;A45D
41	pH6.5_low_salt	TTCCPSIVASSNFNVCRLPGTPEAICATYTGCIIIPGATCPGDYAS	1.865376823870867	1.6888379971006806	0.39669937488352347	TTCCPSIVARSNFNVCRLPGTPEAICATYTGCIIIPGATCPGDYAN	R10S;N46S
41	pH6.5_low_salt	TTCCPSIVARAGFNVCRLPGTPEAICATYTGCIIIPGATCPGDYAN	1.6869914404363175	1.5144399519760219	0.3924304647620171	TTCCPSIVARSNFNVCRLPGTPEAICATYTGCIIIPGATCPGDYAN	S11A;N12G
41	pH6.5_low_salt	TTCCPSIVARANSNVCRLPGTPEAICATYTGCIIIPGATCPGDYAN	0.927325004132268	0.9650451680579613	0.07230216167745518	TTCCPSIVARSNFNVCRLPGTPEAICATYTGCIIIPGATCPGDYAN	S11A;F13S
41	pH6.5_low_salt	TTCCPSIVARGNFTVCRLPGTPEAICATYTGCIIIPGATCPGDYAN	1.3851567207629643	1.0233540678460171	0.6913842515445473	TTCCPSIVARSNFNVCRLPGTPEAICATYTGCIIIPGATCPGDYAN	S11G;N14T
41	pH6.5_low_salt	TTCCPSIVARTNFNGCRLPGTPEAICATYTGCIIIPGATCPGDYAN	0.46092001248174164	0.5381619921808254	0.015687695612732755	TTCCPSIVARSNFNVCRLPGTPEAICATYTGCIIIPGATCPGDYAN	S11T;V15G
41	pH6.5_low_salt	TTCCPSIVARVNFNVSRLPGTPEAICATYTGCIIIPGATCPGDYAN	1.1073618845782536	1.3758630832661107	-0.29018909589507697	TTCCPSIVARSNFNVCRLPGTPEAICATYTGCIIIPGATCPGDYAN	S11V;C16S
42	pH7.0_high_salt	TTCCPSIVARLNFNVCALPGTPEAICATYTGCIIIPGATCPGDYAN	2.3153158493801986	2.5648947638704858	-0.2739013256994667	TTCCPSIVARSNFNVCRLPGTPEAICATYTGCIIIPGATCPGDYAN	S11L;R17A
42	pH7.0_high_salt	TTCCPSIVARGNFNVCRSPGTPEAICATYTGCIIIPGATCPGDYAN	0.465389607638164	0.5973871978766557	-0.0698975635724195	TTCCPSIVARSNFNVCRLPGTPEAICATYTGCIIIPGATCPGDYAN	S11G;L18S
42	pH7.0_high_salt	TTCCPSIVARINFNVCRLAGTPEAICATYTGCIIIPGATCPGDYAN	1.8758772034528726	2.077610107790796	-0.19433093433291093	TTCCPSIVARSNFNVCRLPGTPEAICATYTGCIIIPGATCPGDYAN	S11I;P19A
42	pH7.0_high_salt	TTCCPSIVARVNFNVCRLPTTPEAICATYTGCIIIPGATCPGDYAN	1.362832275106467	1.4356724770375955	0.012654765579814764	TTCCPSIVARSNFNVCRLPGTPEAICATYTGCIIIPGATCPGDYAN	S11V;G20T
42	pH7.0_high_salt	TTCCPSIVARANFNVCRLPGLPEAICATYTGCIIIPGATCPGDYAN	1.6874531330413927	1.7443035935885596	0.034066496782885536	TTCCPSIVARSNFNVCRLPGTPEAICATYTGCIIIPGATCPGDYAN	S11A;T21L
42	pH7.0_high_salt	TTCCPSIVARLNFNVCRLPGTVEAICATYTGCIIIPGATCPGDYAN	2.0591374191261287	2.3941644334131187	-0.4045689840933373	TTCCPSIVARSNFNVCRLPGTPEAICATYTGCIIIPGATCPGDYAN	S11L;P22V
42	pH7.0_high_salt	TTCCPSIVARLNFNVCRLPGTPVAICATYTGCIIIPGATCPGDYAN	2.3573299661263465	2.7042817413008535	-0.4264733643199037	TTCCPSIVARSNFNVCRLPGTPEAICATYTGCIIIPGATCPGDYAN	S11L;E23V
42	pH7.0_high_salt	TTCCPSIVARANFNVCRLPGTPEVICATYTGCIIIPGATCPGDYAN	1.4257261060186952	1.3790489219299225	0.19866713927769447	TTCCPSIVARSNFNVCRLPGTPEAICATYTGCIIIPGATCPGDYAN	S11A;A24V
42	pH7.0_high_salt	TTCCPSIVARINFNVCRLPGTPEAGCATYTGCIIIPGATCPGDYAN	0.9338786672623908	1.548895657603434	-0.8295906591268067	TTCCPSIVARSNFNVCRLPGTPEAICATYTGCIIIPGATCPGDYAN	S11I;I25G
42	pH7.0_high_salt	TTCCPSIVARANFNVCRLPGTPEAIGATYTGCIIIPGATCPGDYAN	0.8718991697846282	0.9331652592721662	0.0361289868294431	TTCCPSIVARSNFNVCRLPGTPEAICATYTGCIIIPGATCPGDYAN	S11A;C26G
43	pH7.5_low_salt	TTCCPSIVARVNFNVCRLPGTPEAICVTYTGCIIIPGATCPGDYAN	1.7379409699415056	1.8003411223881274	0.024842378056572634	TTCCPSIVARSNFNVCRLPGTPEAICATYTGCIIIPGATCPGDYAN	S11V;A27V
43	pH7.5_low_salt	TTCCPSIVARDNFNVCRLPGTPEAICAAYTGCIIIPGATCPGDYAN	0.955924771660687	0.9299409956496419	0.17150267371870465	TTCCPSIVARSNFNVCRLPGTPEAICATYTGCIIIPGATCPGDYAN	S11D;T28A
43	pH7.5_low_salt	TTCCPSIVARANFNVCRLPGTPEAICATDTGCIIIPGATCPGDYAN	1.0759608992167646	0.9493455365041922	0.32738489619869693	TTCCPSIVARSNFNVCRLPGTPEAICATYTGCIIIPGATCPGDYAN	S11A;Y29D
43	pH7.5_low_salt	TTCCPSIVARLNFNVCRLPGTPEAICATYDGCIIIPGATCPGDYAN	1.1529172518487318	1.3279607538172324	-0.14469521698354204	TTCCPSIVARSNFNVCRLPGTPEAICATYTGCIIIPGATCPGDYAN	S11L;T30D
43	pH7.5_low_salt	TTCCPSIVARTNFNVCRLPGTPEAICATYTICIIIPGATCPGDYAN	1.4300850130306193	1.4157580017492173	0.14808361800465458	TTCCPSIVARSNFNVCRLPGTPEAICATYTGCIIIPGATCPGDYAN	S11T;G31I
43	pH7.5_low_salt	TTCCPSIVARGNFNVCRLPGTPEAICATYTGGIIIPGATCPGDYAN	0.6844535588066384	0.537432849134834	0.3635624058666803	TTCCPSIVARSNFNVCRLPGTPEAICATYTGCIIIPGATCPGDYAN	S11G;C32G
43	pH7.5_low_salt	TTCCPSIVARINFNVCRLPGTPEAICATYTGCSIIPGATCPGDYAN	0.9285959635202626	1.4492344623671531	-0.6820998177497095	TTCCPSIVARSNFNVCRLPGTPEAICATYTGCIIIPGATCPGDYAN	S11I;I33S
43	pH7.5_low_salt	TTCCPSIVARINFNVCRLPGTPEAICATYTGCISIPGATCPGDYAN	0.9383725990090529	1.4480751737192854	-0.6651237427171962	TTCCPSIVARSNFNVCRLPGTPEAICATYTGCIIIPGATCPGDYAN	S11I;I34S
43	pH7.5_low_salt	TTCCPSIVARDNFNVCRLPGTPEAICATYTGCIITPGATCPGDYAN	0.05441398603449232	0.48486524171011725	-0.5316098765396502	TTCCPSIVARSNFNVCRLPGTPEAICATYTGCIIIPGATCPGDYAN	S11D;I35T
43	pH7.5_low_salt	TTCCPSIVARTNFNVCRLPGTPEAICATYTGCIIIIGATCPGDYAN	1.5919766287678117	1.5622550350321474	0.17035350091529455	TTCCPSIVARSNFNVCRLPGTPEAICATYTGCIIIPGATCPGDYAN	S11T;P36I
44	pH8.0_high_buffer	TTCCPSIVARDNFNVCRLPGTPEAICATYTGCIIIPAATCPGDYAN	0.833713884641936	0.894804759072291	0.03682223256828432	TTCCPSIVARSNFNVCRLPGTPEAICATYTGCIIIPGATCPGDYAN	S11D;G37A
44	pH8.0_high_buffer	TTCCPSIVARGNFNVCRLPGTPEAICATYTGCIIIPGITCPGDYAN	1.192911855703021	1.087496051535647	0.2929832131705453	TTCCPSIVARSNFNVCRLPGTPEAICATYTGCIIIPGATCPGDYAN	S11G;A38I
44	pH8.0_high_buffer	TTCCPSIVARINFNVCRLPGTPEAICATYTGCIIIPGAICPGDYAN	2.080185760014315	2.4313432712312704	-0.42999839847902455	TTCCPSIVARSNFNVCRLPGTPEAICATYTGCIIIPGATCPGDYAN	S11I;T39I
44	pH8.0_high_buffer	TTCCPSIVARINFNVCRLPGTPEAICATYTGCIIIPGATVPGDYAN	1.6714289286585393	1.7764291241587726	-0.040974271457629885	TTCCPSIVARSNFNVCRLPGTPEAICATYTGCIIIPGATCPGDYAN	S11I;C40V
44	pH8.0_high_buffer	TTCCPSIVARANFNVCRLPGTPEAICATYTGCIIIPGATCDGDYAN	1.0573731643359077	0.9359335315996318	0.3195038802436002	TTCCPSIVARSNFNVCRLPGTPEAICATYTGCIIIPGATCPGDYAN	S11A;P41D
44	pH8.0_high_buffer	TTCCPSIVARVNFNVCRLPGTPEAICATYTGCIIIPGATCPLDYAN	1.8849549798739924	2.204872379247321	-0.3790518788454773	TTCCPSIVARSNFNVCRLPGTPEAICATYTGCIIIPGATCPGDYAN	S11V;G42L
44	pH8.0_high_buffer	TTCCPSIVARANFNVCRLPGTPEAICATYTGCIIIPGATCPGGYAN	1.6548749477125877	1.5146061539636508	0.3423531023815706	TTCCPSIVARSNFNVCRLPGTPEAICATYTGCIIIPGATCPGDYAN	S11A;D43G
44	pH8.0_high_buffer	TTCCPSIVARINFNVCRLPGTPEAICATYTGCIIIPGATCPGDDAN	1.3388287441404108	1.5417611573071823	-0.19030428911461056	TTCCPSIVARSNFNVCRLPGTPEAICATYTGCIIIPGATCPGDYAN	S11I;Y44D
44	pH8.0_high_buffer	TTCCPSIVARTNFNVCRLPGTPEAICATYTGCIIIPGATCPGDYGN	0.6207062616359375	0.4786163386021355	0.3565601863482951	TTCCPSIVARSNFNVCRLPGTPEAICATYTGCIIIPGATCPGDYAN	S11T;A45G
44	pH8.0_high_buffer	TTCCPSIVARLNFNVCRLPGTPEAICATYTGCIIIPGATCPGDYAV	2.266668567446902	2.7048560344375487	-0.5680005799188179	TTCCPSIVARSNFNVCRLPGTPEAICATYTGCIIIPGATCPGDYAN	S11L;N46V
45	pH6.0_high_salt	TTCCPSIVARSDSNVCRLPGTPEAICATYTGCIIIPGATCPGDYAN	0.65506094384764	0.4876352945268989	0.3957607925962431	TTCCPSIVARSNFNVCRLPGTPEAICATYTGCIIIPGATCPGDYAN	N12D;F13S
45	pH6.0_high_salt	TTCCPSIVARSIFLVCRLPGTPEAICATYTGCIIIPGATCPGDYAN	2.7035869564359967	3.184007397789205	-0.638774911092328	TTCCPSIVARSNFNVCRLPGTPEAICATYTGCIIIPGATCPGDYAN	N12I;N14L
45	pH6.0_high_salt	TTCCPSIVARSLFNICRLPGTPEAICATYTGCIIIPGATCPGDYAN	1.8159022760026802	1.7869588832975174	0.16667760964349054	TTCCPSIVARSNFNVCRLPGTPEAICATYTGCIIIPGATCPGDYAN	N12L;V15I
45	pH6.0_high_salt	TTCCPSIVARSGFNVGRLPGTPEAICATYTGCIIIPGATCPGDYAN	1.0240076322729563	1.0262589082958855	0.12664744083786317	TTCCPSIVARSNFNVCRLPGTPEAICATYTGCIIIPGATCPGDYAN	N12G;C16G
45	pH6.0_high_salt	TTCCPSIVARSAFNVCILPGTPEAICATYTGCIIIPGATCPGDYAN	2.752895248586494	3.005753896412315	-0.28383234459370854	TTCCPSIVARSNFNVCRLPGTPEAICATYTGCIIIPGATCPGDYAN	N12A;R17I
45	pH6.0_high_salt	TTCCPSIVARSIFNVCRAPGTPEAICATYTGCIIIPGATCPGDYAN	1.6839825966877737	1.9174962628798236	-0.24186875306331745	TTCCPSIVARSNFNVCRLPGTPEAICATYTGCIIIPGATCPGDYAN	N12I;L18A
45	pH6.0_high_salt	TTCCPSIVARSAFNVCRLIGTPEAICATYTGCIIIPGATCPGDYAN	2.303013553861904	2.4818239216123623	-0.16321549669279345	TTCCPSIVARSNFNVCRLPGTPEAICATYTGCIIIPGATCPGDYAN	N12A;P19I
45	pH6.0_high_salt	TTCCPSIVARSSFNVCRLPATPEAICATYTGCIIIPGATCPGDYAN	1.5374061286309169	1.2783601217552811	0.5291908300316867	TTCCPSIVARSNFNVCRLPGTPEAICATYTGCIIIPGATCPGDYAN	N12S;G20A
45	pH6.0_high_salt	TTCCPSIVARSLFNVCRLPGVPEAICATYTGCIIIPGATCPGDYAN	2.3721107733156686	2.612724455877407	-0.26052033695181387	TTCCPSIVARSNFNVCRLPGTPEAICATYTGCIIIPGATCPGDYAN	N12L;T21V
45	pH6.0_high_salt	TTCCPSIVARSTFNVCRLPGTDEAICATYTGCIIIPGATCPGDYAN	1.0914504123724538	0.9297203132603394	0.3820689932327836	TTCCPSIVARSNFNVCRLPGTPEAICATYTGCIIIPGATCPGDYAN	N12T;P22D
46	pH7.2_low_salt	TTCCPSIVARSDFNVCRLPGTPLAICATYTGCIIIPGATCPGDYAN	1.7063718522362825	1.8046709478583447	-0.03089009934277953	TTCCPSIVARSNFNVCRLPGTPEAICATYTGCIIIPGATCPGDYAN	N12D;E23L
46	pH7.2_low_salt	TTCCPSIVARSDFNVCRLPGTPESICATYTGCIIIPGATCPGDYAN	0.6385072756610127	0.4468642894321586	0.4337736340126652	TTCCPSIVARSNFNVCRLPGTPEAICATYTGCIIIPGATCPGDYAN	N12D;A24S
46	pH7.2_low_salt	TTCCPSIVARSDFNVCRLPGTPEATCATYTGCIIIPGATCPGDYAN	0.33545376031142654	0.4800373558378923	-0.08813113634530834	TTCCPSIVARSNFNVCRLPGTPEAICATYTGCIIIPGATCPGDYAN	N12D;I25T
46	pH7.2_low_salt	TTCCPSIVARSSFNVCRLPGTPEAITATYTGCIIIPGATCPGDYAN	0.8270029928905275	0.9292591291060608	-0.027410105917018368	TTCCPSIVARSNFNVCRLPGTPEAICATYTGCIIIPGATCPGDYAN	N12S;C26T
46	pH7.2_low_salt	TTCCPSIVARSIFNVCRLPGTPEAICVTYTGCIIIPGATCPGDYAN	2.0165091520801144	2.3458516377734884	-0.39522058264595605	TTCCPSIVARSNFNVCRLPGTPEAICATYTGCIIIPGATCPGDYAN	N12I;A27V
46	pH7.2_low_salt	TTCCPSIVARSSFNVCRLPGTPEAICASYTGCIIIPGATCPGDYAN	1.2204821146525069	0.9175681608383166	0.6012008682054941	TTCCPSIVARSNFNVCRLPGTPEAICATYTGCIIIPGATCPGDYAN	N12S;T28S
46	pH7.2_low_salt	TTCCPSIVARSLFNVCRLPGTPEAICATLTGCIIIPGATCPGDYAN	2.3491806631671235	2.668596813099526	-0.383369215629737	TTCCPSIVARSNFNVCRLPGTPEAICATYTGCIIIPGATCPGDYAN	N12L;Y29L
46	pH7.2_low_salt	TTCCPSIVARSLFNVCRLPGTPEAICATYSGCIIIPGATCPGDYAN	1.7111671795722674	1.7571378884125994	0.050801694662456987	TTCCPSIVARSNFNVCRLPGTPEAICATYTGCIIIPGATCPGDYAN	N12L;T30S
46	pH7.2_low_salt	TTCCPSIVARSGFNVCRLPGTPEAICATYTDCIIIPGATCPGDYAN	0.9349275243386971	1.1247346933369855	-0.1653631796556288	TTCCPSIVARSNFNVCRLPGTPEAICATYTGCIIIPGATCPGDYAN	N12G;G31D
46	pH7.2_low_salt	TTCCPSIVARSIFNVCRLPGTPEAICATYTGVIIIPGATCPGDYAN	1.9686321465774004	2.2155773640746137	-0.26597816264064167	TTCCPSIVARSNFNVCRLPGTPEAICATYTGCIIIPGATCPGDYAN	N12I;C32V
47	pH8.3_high_buffer	TTCCPSIVARSLFNVCRLPGTPEAICATYTGCAIIPGATCPGDYAN	1.4593963699943848	1.836591760688344	-0.4638528208826329	TTCCPSIVARSNFNVCRLPGTPEAICATYTGCIIIPGATCPGDYAN	N12L;I33A
47	pH8.3_high_buffer	TTCCPSIVARSTFNVCRLPGTPEAICATYTGCIVIPGATCPGDYAN	1.2115948486241153	0.942803870499926	0.547993506635168	TTCCPSIVARSNFNVCRLPGTPEAICATYTGCIIIPGATCPGDYAN	N12T;I34V
47	pH8.3_high_buffer	TTCCPSIVARSAFNVCRLPGTPEAICATYTGCIILPGATCPGDYAN	1.5044088878284523	1.378813173392306	0.3210847808864731	TTCCPSIVARSNFNVCRLPGTPEAICATYTGCIIIPGATCPGDYAN	N12A;I35L
47	pH8.3_high_buffer	TTCCPSIVARSVFNVCRLPGTPEAICATYTGCIIIAGATCPGDYAN	2.2531278091297193	2.4448403024109964	-0.18282239031312142	TTCCPSIVARSNFNVCRLPGTPEAICATYTGCIIIPGATCPGDYAN	N12V;P36A
47	pH8.3_high_buffer	TTCCPSIVARSIFNVCRLPGTPEAICATYTGCIIIPTATCPGDYAN	1.7449421859191134	1.932694615422508	-0.17105285989135266	TTCCPSIVARSNFNVCRLPGTPEAICATYTGCIIIPGATCPGDYAN	N12I;G37T
47	pH8.3_high_buffer	TTCCPSIVARSSFNVCRLPGTPEAICATYTGCIIIPGSTCPGDYAN	0.9239877035048487	0.9126416124660112	0.1489873874525094	TTCCPSIVARSNFNVCRLPGTPEAICATYTGCIIIPGATCPGDYAN	N12S;A38S
47	pH8.3_high_buffer	TTCCPSIVARSLFNVCRLPGTPEAICATYTGCIIIPGALCPGDYAN	2.266422198713017	2.6274390885797065	-0.4474463132886246	TTCCPSIVARSNFNVCRLPGTPEAICATYTGCIIIPGATCPGDYAN	N12L;T39L
47	pH8.3_high_buffer	TTCCPSIVARSDFNVCRLPGTPEAICATYTGCIIIPGATDPGDYAN	0.3615987454696328	0.5124040893812636	-0.0981376537764338	TTCCPSIVARSNFNVCRLPGTPEAICATYTGCIIIPGATCPGDYAN	N12D;C40D
47	pH8.3_high_buffer	TTCCPSIVARSIFNVCRLPGTPEAICATYTGCIIIPGATCDGDYAN	1.6773796007552795	1.919971436224155	-0.2559776155319844	TTCCPSIVARSNFNVCRLPGTPEAICATYTGCIIIPGATCPGDYAN	N12I;P41D
47	pH8.3_high_buffer	TTCCPSIVARSLFNVCRLPGTPEAICATYTGCIIIPGATCPADYAN	1.9982849044180275	2.1684206770394647	-0.1463165327155449	TTCCPSIVARSNFNVCRLPGTPEAICATYTGCIIIPGATCPGDYAN	N12L;G42A
48	pH6.8_moderate_salt	TTCCPSIVARSVFNVCRLPGTPEAICATYTGCIIIPGATCPGVYAN	2.7620628690735054	3.1464971229703838	-0.4894731209689973	TTCCPSIVARSNFNVCRLPGTPEAICATYTGCIIIPGATCPGDYAN	N12V;D43V
48	pH6.8_moderate_salt	TTCCPSIVARSGFNVCRLPGTPEAICATYTGCIIIPGATCPGDVAN	1.9576549147188513	2.0276672288584043	0.010537128812778462	TTCCPSIVARSNFNVCRLPGTPEAICATYTGCIIIPGATCPGDYAN	N12G;Y44V
48	pH6.8_moderate_salt	TTCCPSIVARSGFNVCRLPGTPEAICATYTGCIIIPGATCPGDYTN	0.9572772315540227	1.0052686924780927	0.05592783641592067	TTCCPSIVARSNFNVCRLPGTPEAICATYTGCIIIPGATCPGDYAN	N12G;A45T
48	pH6.8_moderate_salt	TTCCPSIVARSTFNVCRLPGTPEAICATYTGCIIIPGATCPGDYAS	1.5165747519768202	1.3694520465561897	0.35457937823611213	TTCCPSIVARSNFNVCRLPGTPEAICATYTGCIIIPGATCPGDYAN	N12T;N46S
48	pH6.8_moderate_salt	TTCCPSIVARSNAAVCRLPGTPEAICATYTGCIIIPGATCPGDYAN	1.4905415282650503	1.4460723612303819	0.19450578361531057	TTCCPSIVARSNFNVCRLPGTPEAICATYTGCIIIPGATCPGDYAN	F13A;N14A
48	pH6.8_moderate_salt	TTCCPSIVARSNINLCRLPGTPEAICATYTGCIIIPGATCPGDYAN	0.996737494400663	0.7067002666048255	0.583543807183015	TTCCPSIVARSNFNVCRLPGTPEAICATYTGCIIIPGATCPGDYAN	F13I;V15L
48	pH6.8_moderate_salt	TTCCPSIVARSNDNVARLPGTPEAICATYTGCIIIPGATCPGDYAN	0.14801634963243118	0.47399962799370987	-0.36944423638091495	TTCCPSIVARSNFNVCRLPGTPEAICATYTGCIIIPGATCPGDYAN	F13D;C16A
48	pH6.8_moderate_salt	TTCCPSIVARSNTNVCDLPGTPEAICATYTGCIIIPGATCPGDYAN	0.8012605388357814	0.7016005676492001	0.28829477244103746	TTCCPSIVARSNFNVCRLPGTPEAICATYTGCIIIPGATCPGDYAN	F13T;R17D
48	pH6.8_moderate_salt	TTCCPSIVARSNTNVCRSPGTPEAICATYTGCIIIPGATCPGDYAN	-0.015818136265178844	0.48651993523527176	-0.643135812782675	TTCCPSIVARSNFNVCRLPGTPEAICATYTGCIIIPGATCPGDYAN	F13T;L18S
48	pH6.8_moderate_salt	TTCCPSIVARSNANVCRLVGTPEAICATYTGCIIIPGATCPGDYAN	1.455371073896676	1.5267093780882572	0.013984239786067443	TTCCPSIVARSNFNVCRLPGTPEAICATYTGCIIIPGATCPGDYAN	F13A;P19V
49	pH7.8_low_salt	TTCCPSIVARSNTNVCRLPITPEAICATYTGCIIIPGATCPGDYAN	1.0358868963970551	1.4177765212092486	-0.4665328716382435	TTCCPSIVARSNFNVCRLPGTPEAICATYTGCIIIPGATCPGDYAN	F13T;G20I
49	pH7.8_low_salt	TTCCPSIVARSNSNVCRLPGAPEAICATYTGCIIIPGATCPGDYAN	0.8379735807282805	0.9459679275322888	-0.03649454938292401	TTCCPSIVARSNFNVCRLPGTPEAICATYTGCIIIPGATCPGDYAN	F13S;T21A
49	pH7.8_low_salt	TTCCPSIVARSNANVCRLPGTIEAICATYTGCIIIPGATCPGDYAN	1.5469925022329034	1.6332058478691558	-0.010259345544560095	TTCCPSIVARSNFNVCRLPGTPEAICATYTGCIIIPGATCPGDYAN	F13A;P22I
49	pH7.8_low_salt	TTCCPSIVARSNTNVCRLPGTPTAICATYTGCIIIPGATCPGDYAN	0.9580374516763035	0.9797747549719107	0.09693226080479769	TTCCPSIVARSNFNVCRLPGTPEAICATYTGCIIIPGATCPGDYAN	F13T;E23T
49	pH7.8_low_salt	TTCCPSIVARSNVNVCRLPGTPELICATYTGCIIIPGATCPGDYAN	1.263158579881857	1.1185772105239	0.3533936811786613	TTCCPSIVARSNFNVCRLPGTPEAICATYTGCIIIPGATCPGDYAN	F13V;A24L
49	pH7.8_low_salt	TTCCPSIVARSNINVCRLPGTPEAACATYTGCIIIPGATCPGDYAN	0.8593833334239406	0.7954053344894572	0.23191580664381156	TTCCPSIVARSNFNVCRLPGTPEAICATYTGCIIIPGATCPGDYAN	F13I;I25A
49	pH7.8_low_salt	TTCCPSIVARSNTNVCRLPGTPEAIGATYTGCIIIPGATCPGDYAN	0.2251510449869967	0.4876829329238463	-0.2711714872249582	TTCCPSIVARSNFNVCRLPGTPEAICATYTGCIIIPGATCPGDYAN	F13T;C26G
49	pH7.8_low_salt	TTCCPSIVARSNLNVCRLPGTPEAICTTYTGCIIIPGATCPGDYAN	0.72146446705964	0.6221556412857503	0.288622937209171	TTCCPSIVARSNFNVCRLPGTPEAICATYTGCIIIPGATCPGDYAN	F13L;A27T
49	pH7.8_low_salt	TTCCPSIVARSNTNVCRLPGTPEAICAVYTGCIIIPGATCPGDYAN	1.0899264978126624	1.3601005360509968	-0.2926107529587966	TTCCPSIVARSNFNVCRLPGTPEAICATYTGCIIIPGATCPGDYAN	F13T;T28V
49	pH7.8_low_salt	TTCCPSIVARSNVNVCRLPGTPEAICATATGCIIIPGATCPGDYAN	1.5232165774653432	1.322780128833549	0.43779015382007386	TTCCPSIVARSNFNVCRLPGTPEAICATYTGCIIIPGATCPGDYAN	F13V;Y29A
50	pH6.3_high_salt	TTCCPSIVARSNGNVCRLPGTPEAICATYAGCIIIPGATCPGDYAN	0.9652104020013653	0.9830604097490722	0.10292596865129214	TTCCPSIVARSNFNVCRLPGTPEAICATYTGCIIIPGATCPGDYAN	F13G;T30A
50	pH6.3_high_salt	TTCCPSIVARSNTNVCRLPGTPEAICATYTSCIIIPGATCPGDYAN	0.46677623033467114	0.4319508942189005	0.19068864785203044	TTCCPSIVARSNFNVCRLPGTPEAICATYTGCIIIPGATCPGDYAN	F13T;G31S
50	pH6.3_high_salt	TTCCPSIVARSNINVCRLPGTPEAICATYTGAIIIPGATCPGDYAN	1.0677332174536827	0.703683151096316	0.6983825077091743	TTCCPSIVARSNFNVCRLPGTPEAICATYTGCIIIPGATCPGDYAN	F13I;C32A
50	pH6.3_high_salt	TTCCPSIVARSNLNVCRLPGTPEAICATYTGCAIIPGATCPGDYAN	0.8010008549271057	0.6536832835863213	0.36274566325191276	TTCCPSIVARSNFNVCRLPGTPEAICATYTGCIIIPGATCPGDYAN	F13L;I33A
50	pH6.3_high_salt	TTCCPSIVARSNSNVCRLPGTPEAICATYTGCIVIPGATCPGDYAN	0.5497588322064662	0.4755458752760746	0.25130607203490696	TTCCPSIVARSNFNVCRLPGTPEAICATYTGCIIIPGATCPGDYAN	F13S;I34V
50	pH6.3_high_salt	TTCCPSIVARSNDNVCRLPGTPEAICATYTGCIIGPGATCPGDYAN	-0.19905069515617993	0.5825112841084618	-1.0773106441079205	TTCCPSIVARSNFNVCRLPGTPEAICATYTGCIIIPGATCPGDYAN	F13D;I35G
50	pH6.3_high_salt	TTCCPSIVARSNGNVCRLPGTPEAICATYTGCIIIGGATCPGDYAN	0.7981478353251303	0.7612684395429467	0.19025666723470575	TTCCPSIVARSNFNVCRLPGTPEAICATYTGCIIIPGATCPGDYAN	F13G;P36G
50	pH6.3_high_salt	TTCCPSIVARSNANVCRLPGTPEAICATYTGCIIIPIATCPGDYAN	1.3672280295696266	1.4274740060464088	0.032280464922356256	TTCCPSIVARSNFNVCRLPGTPEAICATYTGCIIIPGATCPGDYAN	F13A;G37I
50	pH6.3_high_salt	TTCCPSIVARSNGNVCRLPGTPEAICATYTGCIIIPGLTCPGDYAN	0.8077365741086602	0.9142020171319213	-0.03377397307243929	TTCCPSIVARSNFNVCRLPGTPEAICATYTGCIIIPGATCPGDYAN	F13G;A38L
50	pH6.3_high_salt	TTCCPSIVARSNTNVCRLPGTPEAICATYTGCIIIPGAACPGDYAN	0.8758412651539633	0.9013491396981724	0.09194515937441344	TTCCPSIVARSNFNVCRLPGTPEAICATYTGCIIIPGATCPGDYAN	F13T;T39A
